caminho,bytes,sha256,tipo,linhas,metodo
.github/workflows/pacotes-nativos.yml,5185,98db7a7cc789eca9676f8ee4fecc26b0c250be190f43a59f91d23c5efbff15d3,texto UTF-8,146,leitura automatizada de bytes; não revisão manual integral
.github/workflows/testes.yml,3202,5606df1c572f926a89b4b44dfbcf5a716e6b122361bdac724d8845bb71492774,texto UTF-8,78,leitura automatizada de bytes; não revisão manual integral
.gitignore,1957,f66c99b010fa94bce1334b2cef419e5f685ca51e91aefd8db505432ed40d796e,texto UTF-8,66,leitura automatizada de bytes; não revisão manual integral
.nojekyll,0,e3b0c44298fc1c149afbf4c8996fb92427ae41e4649b934ca495991b7852b855,texto UTF-8,0,leitura automatizada de bytes; não revisão manual integral
AGENTS.md,16954,1a7e9fc9f903669f0edc5d0b7f9fcba43903dcc15d66b68ce1167281377c90b6,texto UTF-8,201,leitura automatizada de bytes; não revisão manual integral
DOCUMENTO_DECISOES_MEGA_ATUALIZACAO.md,8179,2b05240cd9fef9fb33d8a08768164f60202437c886c1c5b83f250ee9cbb58637,texto UTF-8,147,leitura automatizada de bytes; não revisão manual integral
DOCUMENTO_FASES_IMPLEMENTACAO.md,16113,065f79996d7ee89b3445cd231217067471be5b58792c36699c66146ed7a3965b,texto UTF-8,216,leitura automatizada de bytes; não revisão manual integral
DOCUMENTO_FLORES_DOS_SANTUARIOS.md,27664,c7cfa8af3d69c2c35001391619fc35ee915bf2c8c3f6421af63173b8aeee3ab8,texto UTF-8,428,leitura automatizada de bytes; não revisão manual integral
DOCUMENTO_MEGA_ATUALIZACAO_LORE_TOTAL.md,30473,c642dd06d14e527bba6566458afa5293f697b0a3b981ef6301f6fafdfb9e856e,texto UTF-8,512,leitura automatizada de bytes; não revisão manual integral
DOCUMENTO_TELAS_DE_CARREGAMENTO.md,13921,c1c913ca11fbe99ee632f94e3c537e392c5069c0ea70802974dba1192e06707f,texto UTF-8,172,leitura automatizada de bytes; não revisão manual integral
Imagens inspiração/1RqTLZIp4h0guQ-J1lK0KiJM4riC1jOJjhGMm_6ZSCI.png,2259257,d51a932d9229e21d20b90f89d652b42a224ce2b882d633898e118c9bfe994822,binário,,leitura automatizada de bytes; não revisão manual integral
Imagens inspiração/7fc9872LXTXJ-vWiiDh7DVZBkQ7Jue6aHdZmEc3jzi8.png,1920406,edf73df3bd8b5d35c9faf5a288387b0d5641910ec9b9ee9a1dd66611cde3ce2f,binário,,leitura automatizada de bytes; não revisão manual integral
Imagens inspiração/SqKXB1cCVF5zkzFPlc5hN1eoRVhq-vwcoUDuHFz3XY0.png,1918426,4aa297075702545e7393314f95ce613757a845586afafc1ca140ee1c5cf75d8d,binário,,leitura automatizada de bytes; não revisão manual integral
Imagens inspiração/bixBgyZ3D5USMJlVcok6ohHTI-ed8IzMG1KZRPZN4QU.png,6045570,6e2c418326770f951230995572893aa211d323e79df08ccc1b529944f64de105,binário,,leitura automatizada de bytes; não revisão manual integral
LICENSE,1064,5a0c1801686946ef518a4a4c597eaf81d8f27282972bb18ce1b798358b1c7b27,texto UTF-8,21,leitura automatizada de bytes; não revisão manual integral
LORE.md,15056,42075fe4334601f1a74834388c0155342b2a8a6c21e51afa6020e34a5260f493,texto UTF-8,282,leitura automatizada de bytes; não revisão manual integral
MEGA_ARQUIVO.md,325976,f586d3d94b8acfe99ebdb9e909d7d1ae160671d0c3bd17175b8cccb1e0e9158e,texto UTF-8,4534,leitura automatizada de bytes; não revisão manual integral
PENDENCIAS.md,8604,921b380be061746cf1f6dde535cd5a20196da39195c11ae372d96705290c006d,texto UTF-8,122,leitura automatizada de bytes; não revisão manual integral
PLAYTEST.md,9742,460ee1a5f17e756c6cd875d0dfe7aadb5e2baea6f1e6a7c8ff504f9cede383d2,texto UTF-8,173,leitura automatizada de bytes; não revisão manual integral
PROGRESSO_MEGA_ATUALIZACAO.md,26142,b89b280976bb684a9cb5d4ab7113542429c264ec1dcce88899de765c65d788ac,texto UTF-8,409,leitura automatizada de bytes; não revisão manual integral
PROXIMOS_PASSOS_DA_ARVORE.md,20799,22e95d9b1ce48c4a110bce9bcad82b01b40a2f07abc358da4d6c51cb70e75b23,texto UTF-8,283,leitura automatizada de bytes; não revisão manual integral
README.md,9775,344bf1a52be966ced5be58b4455525cf65ad1c9ad4d11327e7dea0402e17a9b7,texto UTF-8,170,leitura automatizada de bytes; não revisão manual integral
REGRAS_DE_TRABALHO.md,23551,e90d81676d9d4a8392154b5841849f4920d08b52c36e24fb062a3ea5673fda2f,texto UTF-8,307,leitura automatizada de bytes; não revisão manual integral
animais/animais/With_Shadow/Black_grouse/Black_grouse_Death_with_shadow.png,9541,cd42597a90057e365ad8154f09ba97f9f64fd83167615a78c401c81dd0793167,binário,,leitura automatizada de bytes; não revisão manual integral
animais/animais/With_Shadow/Black_grouse/Black_grouse_Flight_with_shadow.png,10940,a087ab66e51f7013ee25830dd7b6abfe498b4d3a25f8d63720dcfe8d7fff3ae3,binário,,leitura automatizada de bytes; não revisão manual integral
animais/animais/With_Shadow/Black_grouse/Black_grouse_Hurt_with_shadow.png,5936,a6129a6a97b2b9f1a6bc423215be6c8f90a4be818b3b2ba29122dcdde335f707,binário,,leitura automatizada de bytes; não revisão manual integral
animais/animais/With_Shadow/Black_grouse/Black_grouse_Idle_with_shadow.png,5010,a83e3efbf4079c2c092c759e904675e745a8db19253348200d33d6d98e5379ef,binário,,leitura automatizada de bytes; não revisão manual integral
animais/animais/With_Shadow/Black_grouse/Black_grouse_Walk_with_shadow.png,6518,ca112ca69b6af4067ad68fbd504efd6dde933969eb47fb6c99e2869c25cfb88e,binário,,leitura automatizada de bytes; não revisão manual integral
animais/animais/With_Shadow/Boar/Boar_Attack_with_shadow.png,7365,4961920afb782c3342f55d1344632ef0f7e09893efcf831f4396f19b709aa0f2,binário,,leitura automatizada de bytes; não revisão manual integral
animais/animais/With_Shadow/Boar/Boar_Death_with_shadow.png,8402,f700ecac013236b25cd2a59204b3569e26c538cbf8962e379a10bcbfed6338e7,binário,,leitura automatizada de bytes; não revisão manual integral
animais/animais/With_Shadow/Boar/Boar_Hurt_with_shadow.png,5722,2be81754b98d81765879d8287ae36daeadad4c5732223251b9db771ec43b095e,binário,,leitura automatizada de bytes; não revisão manual integral
animais/animais/With_Shadow/Boar/Boar_Idle_with_shadow.png,3383,d5e3f6056a73c6145c150869dc57bb0fd526b1d4ce49a18869a156ae62bbfd1a,binário,,leitura automatizada de bytes; não revisão manual integral
animais/animais/With_Shadow/Boar/Boar_Run_with_shadow.png,6113,57634c49a48e09fefe641e4f69366d688d6dfb073e3fca6e12ba0e847c6b6e72,binário,,leitura automatizada de bytes; não revisão manual integral
animais/animais/With_Shadow/Boar/Boar_Walk_with_shadow.png,5876,2a0c4ccf8ded621750b63d2cb02a440616f52a07402f272c145e6c7b7a40f684,binário,,leitura automatizada de bytes; não revisão manual integral
animais/animais/With_Shadow/Bull_animation_with_shadow.png,17772,74f54e6a9dbae324ff511a79def5a26c9fbe422d572eedf664dfc6cb2b2ae2d8,binário,,leitura automatizada de bytes; não revisão manual integral
animais/animais/With_Shadow/Calf_animation_with_shadow.png,14757,1d9b42ef87a23660aaec3d72be56d4c0da2275b0fb8ff8518434c31f02b39fea,binário,,leitura automatizada de bytes; não revisão manual integral
animais/animais/With_Shadow/Chick_animation_with_shadow.png,2308,de2e66328dbaaf5493968636cd42e426aadc45e2ebb23d5e655895586f11ad51,binário,,leitura automatizada de bytes; não revisão manual integral
animais/animais/With_Shadow/Deer/Deer_Death_with_shadow.png,10228,c90d1ad35a8afa38705cc59c3f041de2bc2a5f475e006a8a9729b3805fd27dbf,binário,,leitura automatizada de bytes; não revisão manual integral
animais/animais/With_Shadow/Deer/Deer_Hurt_with_shadow.png,6051,d114ecb2b81e7b8fceffcf3589997f5f0ad7cd1120714b178481ed8cee0eaecc,binário,,leitura automatizada de bytes; não revisão manual integral
animais/animais/With_Shadow/Deer/Deer_Idle_with_shadow.png,3779,ea725bdb773553d006bfe859fc3f22cbabfb776d03e799044cef6d62f702a284,binário,,leitura automatizada de bytes; não revisão manual integral
animais/animais/With_Shadow/Deer/Deer_Run_with_shadow.png,7817,665b447c3d6d3f2423c000eed1d454a0cbb8a478cd34c062e70b2f6a7cae66c0,binário,,leitura automatizada de bytes; não revisão manual integral
animais/animais/With_Shadow/Deer/Deer_Walk_with_shadow.png,6191,d1b84f6e487eaeca017361237ffc2d4a6a3d78cf9bb77b0abf7ea7e82971c3e2,binário,,leitura automatizada de bytes; não revisão manual integral
animais/animais/With_Shadow/Fox/Fox_Death_with_shadow.png,8864,aa0752fc13f8ed8a7ef74f60184cafca6120327dde0c9758c3c3eb0a3f981ef7,binário,,leitura automatizada de bytes; não revisão manual integral
animais/animais/With_Shadow/Fox/Fox_Hurt_with_shadow.png,6409,a414116576cc3100233e872c2e938b8f53a067abc2d72b82712a01d840f8504c,binário,,leitura automatizada de bytes; não revisão manual integral
animais/animais/With_Shadow/Fox/Fox_Idle_with_shadow.png,4546,67cdf0b267b4c498d48718bb6d92671432d133cbe92ffa08a7c5262360b1fa77,binário,,leitura automatizada de bytes; não revisão manual integral
animais/animais/With_Shadow/Fox/Fox_Run_with_shadow.png,7857,18a6a554fb9208a1dbd440eed17ca5c302ae638b7078084bb5d4139ade2b342d,binário,,leitura automatizada de bytes; não revisão manual integral
animais/animais/With_Shadow/Fox/Fox_walk_with_shadow.png,7618,c144784bbc3e938cd84bbfd82b6c7595a8a8e214bf776b22c64d2303dc747433,binário,,leitura automatizada de bytes; não revisão manual integral
animais/animais/With_Shadow/Hare/Hare_Death_with_shadow.png,7538,d6485df57badb466c1efe494e1c3c97d09fa2d86db373dab6891d63efa12e40c,binário,,leitura automatizada de bytes; não revisão manual integral
animais/animais/With_Shadow/Hare/Hare_Hurt_with_shadow.png,5149,cb004795de92203ff273ffcc88287fe32a9c98d5b04346bb7521d6775f66d0f8,binário,,leitura automatizada de bytes; não revisão manual integral
animais/animais/With_Shadow/Hare/Hare_Idle_with_shadow.png,3579,8c56db0cc6c761671086f745183c7a1d52335c5ab1fc1d032ad2c4acbf993046,binário,,leitura automatizada de bytes; não revisão manual integral
animais/animais/With_Shadow/Hare/Hare_Run_with_shadow.png,7148,8700ffcb50f82858485d62ca62d8e0f4c72e4ea0404998e3a7accc5ae4120ae4,binário,,leitura automatizada de bytes; não revisão manual integral
animais/animais/With_Shadow/Hare/Hare_Walk_with_shadow.png,5511,79b807b75e226171830f3b7bcf882eff689554174bbd75cfa221b2196fa807b8,binário,,leitura automatizada de bytes; não revisão manual integral
animais/animais/With_Shadow/Lamb_animation_with_shadow.png,6807,248b5fab13fff6f3982edd6c40e32ca6b045ea552e98520f13c0b79c647d9a16,binário,,leitura automatizada de bytes; não revisão manual integral
animais/animais/With_Shadow/Piglet_animation_with_shadow.png,6243,abddaf9d31be978b5f0d1f72763c907b0abea31def3f0b0867fc1e9a2d6631db,binário,,leitura automatizada de bytes; não revisão manual integral
animais/animais/With_Shadow/Rooster_animation_with_shadow.png,8586,87638ada55bcaf8d019d44cbc0f5dd26b61f5a5e27d917afae619009dabf70f3,binário,,leitura automatizada de bytes; não revisão manual integral
animais/animais/With_Shadow/Sheep_animation_with_shadow.png,12966,6f699f2cbf6fb92de1de5905f87984fd75bf495c685aa86fc6d6a2ed92ce1721,binário,,leitura automatizada de bytes; não revisão manual integral
animais/animais/With_Shadow/Turkey_animation_with_shadow.png,12235,4e07c0f9f1a4273b6ce7a3505b59128408325d8246ba885539c42816de88dbe1,binário,,leitura automatizada de bytes; não revisão manual integral
animais/animais/Without_shadow/Black_grouse/Black_grouse_Death.png,8865,e10980939daf85af0c454e22dc9e8a3b9a34b9b7f7f8aecedb42db9da4d42c82,binário,,leitura automatizada de bytes; não revisão manual integral
animais/animais/Without_shadow/Black_grouse/Black_grouse_Flight.png,10940,a087ab66e51f7013ee25830dd7b6abfe498b4d3a25f8d63720dcfe8d7fff3ae3,binário,,leitura automatizada de bytes; não revisão manual integral
animais/animais/Without_shadow/Black_grouse/Black_grouse_Hurt.png,5538,8eb6b001f0405ef408339c1898ccdf77044548f484137115b6bb0b85e509de91,binário,,leitura automatizada de bytes; não revisão manual integral
animais/animais/Without_shadow/Black_grouse/Black_grouse_Idle.png,4780,baebc86305a208af1b5b0d2287291e68dff78c375e069c81ed3cfe5fe018234a,binário,,leitura automatizada de bytes; não revisão manual integral
animais/animais/Without_shadow/Black_grouse/Black_grouse_Shadow.png,192,1287d7dd25ab4c08697675cd87fd8efb4ed4da4bdd0fe8efc4c853cad1776f53,binário,,leitura automatizada de bytes; não revisão manual integral
animais/animais/Without_shadow/Black_grouse/Black_grouse_Walk.png,6087,6dbb36a8d47119b2f63160a14298b2e33ce041e27d835ae97ea0f99dabf70da5,binário,,leitura automatizada de bytes; não revisão manual integral
animais/animais/Without_shadow/Boar/Boar_Attack.png,7065,0171a112ebac6d64945945b7333aab343dc61feacba6cea9cdacb13131a5a446,binário,,leitura automatizada de bytes; não revisão manual integral
animais/animais/Without_shadow/Boar/Boar_Death.png,8061,ca405e5e9d8abc74228858bd7cce45b266190246fb58a1b06876f7dbf309ed3c,binário,,leitura automatizada de bytes; não revisão manual integral
animais/animais/Without_shadow/Boar/Boar_Hurt.png,5450,eba2f0c96e453b303c00fd41d85f87a90b75d4d9e94d1a8c2ad849bc2482c82e,binário,,leitura automatizada de bytes; não revisão manual integral
animais/animais/Without_shadow/Boar/Boar_Idle.png,3267,093cd851b4ef147e93d87756b1fb00a9ace7422416ce208066d5215fce842b36,binário,,leitura automatizada de bytes; não revisão manual integral
animais/animais/Without_shadow/Boar/Boar_Run.png,5760,95d679343c62ef536310149410251d0d081bc2c4b15a1a2e3e9e32f39d60f6f6,binário,,leitura automatizada de bytes; não revisão manual integral
animais/animais/Without_shadow/Boar/Boar_Walk.png,5426,dd8fdfdbb37fcb8f8e4c6434f28e7bcaa0c5db690f3f6a325125728a07fa2af5,binário,,leitura automatizada de bytes; não revisão manual integral
animais/animais/Without_shadow/Boar/Boar_shadow.png,361,033e89850247d23379f7bfd46238dbee3c3e7b0f10a5a9954a9937f7e87da270,binário,,leitura automatizada de bytes; não revisão manual integral
animais/animais/Without_shadow/Bull_animation_without_shadow.png,16505,cd16aa5fd510b8691a1f7e23f0a6adc862c719420a3f08df7ce460432524f4ca,binário,,leitura automatizada de bytes; não revisão manual integral
animais/animais/Without_shadow/Calf_animation_without_shadow.png,13463,73b991a403a5b93980387c3b7b3f16220d437fe956f44b746d660dea446a3aaf,binário,,leitura automatizada de bytes; não revisão manual integral
animais/animais/Without_shadow/Chick_animation_without_shadow.png,2125,44d6ff1f98f9bb0aa0d36ec0e9170ad8e5a6236676a3cd889d9a79f87d0156a0,binário,,leitura automatizada de bytes; não revisão manual integral
animais/animais/Without_shadow/Deer/Deer_Death.png,9612,b6da198380e93b5714e967a876e08740e340ea4a6a56304f5d03ec1f45d85190,binário,,leitura automatizada de bytes; não revisão manual integral
animais/animais/Without_shadow/Deer/Deer_Hurt.png,5732,26b199ba02d51bdf55202c5b233f412a03774cec0430b22dd00756ebb7b99132,binário,,leitura automatizada de bytes; não revisão manual integral
animais/animais/Without_shadow/Deer/Deer_Idle.png,3501,5d75c74f4978950e1dbe77d90e00006e3b4321b2d90bf6288b52f24e929521e9,binário,,leitura automatizada de bytes; não revisão manual integral
animais/animais/Without_shadow/Deer/Deer_Run.png,7271,008b0305090d734a6659844e7276df88954f400756acbd2a5bd6c43192f8c3b2,binário,,leitura automatizada de bytes; não revisão manual integral
animais/animais/Without_shadow/Deer/Deer_Shadow.png,409,ad03c19018b9f05df58923256c39fd13809712d48fcd5cf210e14e465d767f88,binário,,leitura automatizada de bytes; não revisão manual integral
animais/animais/Without_shadow/Deer/Deer_Walk.png,5910,c9e0b089c4d1ed963ec5eef4ad7266478a625188dfb055ce8a0531ace530081b,binário,,leitura automatizada de bytes; não revisão manual integral
animais/animais/Without_shadow/Fox/Fox_Death.png,8490,ac993bc508ec2f69629ff2ba89ee44b1c0a1b2a1e05924b94bb6b22cdd9882e8,binário,,leitura automatizada de bytes; não revisão manual integral
animais/animais/Without_shadow/Fox/Fox_Hurt.png,6165,60ee997a94777569d4c78db5d97c0ecc8744dcb9168232e57fab8b92b38ae511,binário,,leitura automatizada de bytes; não revisão manual integral
animais/animais/Without_shadow/Fox/Fox_Idle.png,4203,0df79178b11714120e7cb6d1c4bf55f4c355ac66befe5efe1d1820ec9e22ffe4,binário,,leitura automatizada de bytes; não revisão manual integral
animais/animais/Without_shadow/Fox/Fox_Run.png,7392,f9d92e80367799fda6c13dbff02173555a6063fcd6160644a809ddbb87b3f584,binário,,leitura automatizada de bytes; não revisão manual integral
animais/animais/Without_shadow/Fox/Fox_Shadow.png,197,2366b986fe7e22d4e79451367a179103e537bfc9e939c37721ede8236f15f7c1,binário,,leitura automatizada de bytes; não revisão manual integral
animais/animais/Without_shadow/Fox/Fox_walk.png,7030,ef5a01fc0eb5c40b1eccecfaa9ddadbdaaab19a7a7f686c34ab1670e5fd9be7d,binário,,leitura automatizada de bytes; não revisão manual integral
animais/animais/Without_shadow/Hare/Hare_Death.png,6603,4847483a7879d1e9f49fa9c2275308b821268d99c4bb06dac67d6fedaf89c85b,binário,,leitura automatizada de bytes; não revisão manual integral
animais/animais/Without_shadow/Hare/Hare_Hurt.png,4543,a857ab80aad68e7992753a871aec2d9880017d89489a0f8afe065b0a6edcece0,binário,,leitura automatizada de bytes; não revisão manual integral
animais/animais/Without_shadow/Hare/Hare_Idle.png,3212,5ccdd0c755362d92b27625de53f147bb140bc15952e54565c7370a283e5775df,binário,,leitura automatizada de bytes; não revisão manual integral
animais/animais/Without_shadow/Hare/Hare_Run.png,6703,bcf25682da19536a3f8ce3bab369e38d71f13abcfc3c48a98a34ba08302a0e2a,binário,,leitura automatizada de bytes; não revisão manual integral
animais/animais/Without_shadow/Hare/Hare_Shadow.png,359,2c25dda507f89ef175e7de727981c444acd1fa3cc7d3de28bf01104a9f937d09,binário,,leitura automatizada de bytes; não revisão manual integral
animais/animais/Without_shadow/Hare/Hare_Walk.png,5168,4b9529582349386376781b92ce72f2c0fcd4eb64eaba555f2e141c6feb4f15a1,binário,,leitura automatizada de bytes; não revisão manual integral
animais/animais/Without_shadow/Lamb_animation_without_shadow.png,6084,651f7f8993351a45a6f99e559db386eba9ce61b30f359bdb46795c830fc84d39,binário,,leitura automatizada de bytes; não revisão manual integral
animais/animais/Without_shadow/Piglet_animation_without_shadow.png,5514,b1f78775f005438f11ab36c8ca86d6512558c2135afe98eb391f30bfe89e2aeb,binário,,leitura automatizada de bytes; não revisão manual integral
animais/animais/Without_shadow/Rooster_animation_without_shadow.png,7913,1f896f4eb7900e043e4d9fc1ab6255c361bc3b9ee19226b7842b2164bb1a0622,binário,,leitura automatizada de bytes; não revisão manual integral
animais/animais/Without_shadow/Shadows/Bull_shadow.png,228,40341072cc6f574411527e0b8a88d4ef1ab9d7a0216483604653e32f1848a409,binário,,leitura automatizada de bytes; não revisão manual integral
animais/animais/Without_shadow/Shadows/calf_shadow.png,210,bab01ed4492077ed8f8a63b4851fdbdc10fef7474f780db01e62d6ee0bc55b1d,binário,,leitura automatizada de bytes; não revisão manual integral
animais/animais/Without_shadow/Shadows/chick_shadow.png,116,2ecb7b7539c8cfb3aa9c42ba556675773616eddb846b25078c019f0f4ef8c8ed,binário,,leitura automatizada de bytes; não revisão manual integral
animais/animais/Without_shadow/Shadows/lamb_shadow.png,172,2835e111cf309ddfff168fd789919e3f9183e3981860b20535387b361dcfc5a5,binário,,leitura automatizada de bytes; não revisão manual integral
animais/animais/Without_shadow/Shadows/piglet_shadow.png,203,10d360081b78b881cc56ec3a28dd8a0c2ff7780510e9e22b1364c721c6aad4d5,binário,,leitura automatizada de bytes; não revisão manual integral
animais/animais/Without_shadow/Shadows/rooster_shadow.png,144,ed71ecb25e7e8fb34505dbff461c616186b4620cf307bec49cadf5ed9ddb8238,binário,,leitura automatizada de bytes; não revisão manual integral
animais/animais/Without_shadow/Shadows/sheep_shaddow.png,181,03ca81dbe9db9803e4e229e9a0d483fc60a068c97cae6ea9b9b92c070f64131c,binário,,leitura automatizada de bytes; não revisão manual integral
animais/animais/Without_shadow/Shadows/turkey_shadow.png,176,ac181e86bf510bddd66b2d8f203dba47f3a969f71f58cadcb57cc0b0b1a3cc10,binário,,leitura automatizada de bytes; não revisão manual integral
animais/animais/Without_shadow/Sheep_animation_without_shadow.png,12220,03a37ab6bc6767e011ec92532e99a2503fb839cc1321f93fbc56e78ba7b0cc77,binário,,leitura automatizada de bytes; não revisão manual integral
animais/animais/Without_shadow/Turkey_animation_without_shadow.png,11859,a3785778bd75dfc12392fc9a5ce0b4a3e1a1568dea63542ea6bdf33141a7f546,binário,,leitura automatizada de bytes; não revisão manual integral
app/app.css,6952,106befd2dd45ac7eb27067cbc3cf3974858e7bc8ee434d4f7aae1a523aceda9e,texto UTF-8,151,leitura automatizada de bytes; não revisão manual integral
app/assets.json,14572,48c03a01b5ca59ada282a976c591d623e03b46721ae082db6298c21002e3f5ea,texto UTF-8,488,leitura automatizada de bytes; não revisão manual integral
app/icons/apple-touch-icon-180.png,39465,89f379a70940ea7341c6d300dd254bb43fba20f68d138d1c0856c41759a7d275,binário,,leitura automatizada de bytes; não revisão manual integral
app/icons/favicon-16.png,678,163742a773cb7988e5d9f969a6a14c7557e8a92375003c103ee50b5e921f4c7d,binário,,leitura automatizada de bytes; não revisão manual integral
app/icons/favicon-32.png,2085,f87eeb76cefdd326b5e754a74bfe86a32972a99bf0234fcf021c4574334e650d,binário,,leitura automatizada de bytes; não revisão manual integral
app/icons/icon-192.png,46151,dca6470e8a89db0fef7640deefd5a987e5156349178b0b8dcd7ff61b87456052,binário,,leitura automatizada de bytes; não revisão manual integral
app/icons/icon-512-maskable.png,129561,6f65846059677d2b8679fcb25572f10090fcd981fef2f87e61e7fee7fdcd8727,binário,,leitura automatizada de bytes; não revisão manual integral
app/icons/icon-512.png,228010,57866e088102d8fabf93397a2424113089043fe710724fa64766bda038d7ed7b,binário,,leitura automatizada de bytes; não revisão manual integral
app/offline.js,14916,6684e0d64889cc529ce52ecde881ebc2a4a8f6d097ce64fd33fc3aa8c3c511e4,texto UTF-8,330,leitura automatizada de bytes; não revisão manual integral
app/online.html,7089,74d4ef112f36523de94be0f2ef662598caea1c752338d993c89b513b515c2c61,texto UTF-8,160,leitura automatizada de bytes; não revisão manual integral
arbustos/Assets/Autumn_bush1.png,3440,731722313104bcb542f610f2a969e3240cf820449ef386f37cb5bd454713b97b,binário,,leitura automatizada de bytes; não revisão manual integral
arbustos/Assets/Autumn_bush2.png,2504,83852a2bca1457a0a53f4c8427790da282f9702bd8f1890a66ac8b7f8295a33c,binário,,leitura automatizada de bytes; não revisão manual integral
arbustos/Assets/Autumn_bush3.png,1921,7cf7e2d6b9615a9d85fd08ad5278c30260b1f5ea054db94707c8272e49a19347,binário,,leitura automatizada de bytes; não revisão manual integral
arbustos/Assets/Broken_tree1.png,1833,07f08bee87c38a88ebbe7e439fa25848ce381987eca69b03f28b29e0023bcc86,binário,,leitura automatizada de bytes; não revisão manual integral
arbustos/Assets/Broken_tree2.png,1722,70af40a8bdbe86bc5b9b18392de2878fdebf6d463e9e88f353918d092c7acd56,binário,,leitura automatizada de bytes; não revisão manual integral
arbustos/Assets/Burned_tree1.png,2296,1d636089451d8ea90ba216703296efe75720aa23ffefad9ca312f445586a0b9a,binário,,leitura automatizada de bytes; não revisão manual integral
arbustos/Assets/Burned_tree2.png,2006,2f149f97bf216a6b33299e08b75b5db622da4392095890517b3b0409c624ba55,binário,,leitura automatizada de bytes; não revisão manual integral
arbustos/Assets/Bush_blue_flowers1.png,3285,1a6aec41a7e4799688ee7edd7fcbbef2658e1e85976803afd0284aeeac3f4f4b,binário,,leitura automatizada de bytes; não revisão manual integral
arbustos/Assets/Bush_blue_flowers2.png,2541,52b477e56091041625feafc2b2d6d607144416102c86831399103cfb99978e32,binário,,leitura automatizada de bytes; não revisão manual integral
arbustos/Assets/Bush_blue_flowers3.png,1942,802869f2334c5212c48c4dba3a4f85866bb9ffb55f23faceb2b36b4d08160ca3,binário,,leitura automatizada de bytes; não revisão manual integral
arbustos/Assets/Bush_orange_flowers1.png,3082,ae541f0ace4408190571470c45929a754899a1fddebf15c7364c539ecfe65867,binário,,leitura automatizada de bytes; não revisão manual integral
arbustos/Assets/Bush_orange_flowers2.png,2295,fce4d5db8a81c2b08cc9fd4c1369b30e5cdb6c91a2a57515e5d004cff9ade002,binário,,leitura automatizada de bytes; não revisão manual integral
arbustos/Assets/Bush_orange_flowers3.png,1839,9189ce485747b0c2682078f4b9b502b8c9d3b0bcaddf3140765376eef67ac640,binário,,leitura automatizada de bytes; não revisão manual integral
arbustos/Assets/Bush_pink_flowers1.png,2541,b00df692aca15c38c5b1f012265790ea2a0fdf6edbb564f6737c56be96ea1958,binário,,leitura automatizada de bytes; não revisão manual integral
arbustos/Assets/Bush_pink_flowers2.png,2022,dfa2f9cdd7bab10860dd35170f949a058ee61edbceb6d972f7d793c364c0f548,binário,,leitura automatizada de bytes; não revisão manual integral
arbustos/Assets/Bush_pink_flowers3.png,1752,0d5acaab6e667df295b9772c2cb08cd3e54e31e837ca4220154ab99ed4b748b1,binário,,leitura automatizada de bytes; não revisão manual integral
arbustos/Assets/Bush_red_flowers1.png,3122,559a1a2a94fde2ccde266e3140383b7bd0e53c78bd098b258de448dc80327fc6,binário,,leitura automatizada de bytes; não revisão manual integral
arbustos/Assets/Bush_red_flowers2.png,2386,4cc509bce99cfdaadf0b7f494595b26b84e7ce74bbdb6b467609bc834aa9f3eb,binário,,leitura automatizada de bytes; não revisão manual integral
arbustos/Assets/Bush_red_flowers3.png,1917,b4b08139da2404d1ed0149be7b9a42f1db8bd40c3282c4864072a8c452ebb492,binário,,leitura automatizada de bytes; não revisão manual integral
arbustos/Assets/Bush_simple1_1.png,2167,8a779f7bac37d55fc079d338849623a40344ada9b15de6bf62b9848f353f7a9d,binário,,leitura automatizada de bytes; não revisão manual integral
arbustos/Assets/Bush_simple1_2.png,1958,618141b7fd36619d83b5f3a6ff7ee2704c515ce965084c77ec016d639671116d,binário,,leitura automatizada de bytes; não revisão manual integral
arbustos/Assets/Bush_simple1_3.png,1687,dc013d0193df1815de8501f75eabd2b4a20b2f83b3d25005dfecd443e8536a11,binário,,leitura automatizada de bytes; não revisão manual integral
arbustos/Assets/Bush_simple2_1.png,2296,496fd6859c81011874233f01be2175aa8a47f66789e98eaddadd0c061eee158f,binário,,leitura automatizada de bytes; não revisão manual integral
arbustos/Assets/Bush_simple2_2.png,1996,3ab84727b04596feb16530f79422b0cdba998a0520bbc440eea5559df269d4f0,binário,,leitura automatizada de bytes; não revisão manual integral
arbustos/Assets/Bush_simple2_3.png,1737,7772b09ea4804056e07911f25adb9e6b42462e74f64473e27245c8e18a429a6a,binário,,leitura automatizada de bytes; não revisão manual integral
arbustos/Assets/Cactus1_1.png,1967,aed8ec3d5d8940f3da115e19809329b218e1105b8ca23887c0a250d3c1a44b75,binário,,leitura automatizada de bytes; não revisão manual integral
arbustos/Assets/Cactus1_2.png,1830,34062b5c0fc33a1b4bd179311cf1223dbedb565222b1fc3c2c5f8606efa92d9a,binário,,leitura automatizada de bytes; não revisão manual integral
arbustos/Assets/Cactus1_3.png,1685,a3d82c113d55df5bf8d9bb87647b3325cf1191c768ac3c8bb7e1857597b5c7fc,binário,,leitura automatizada de bytes; não revisão manual integral
arbustos/Assets/Cactus2_1.png,2375,d682d2e4d618ba0e375189d08528cdd63f0bb067445aa8a36d80087942f4e3d7,binário,,leitura automatizada de bytes; não revisão manual integral
arbustos/Assets/Cactus2_2.png,1867,878d48976cd374c38d662686429f190961523616ddc74963ce96ade814b3f776,binário,,leitura automatizada de bytes; não revisão manual integral
arbustos/Assets/Cactus2_3.png,1659,940363fc01d0eafa51c37a230e1e750f7374233d0207dae507eec267ff63e394,binário,,leitura automatizada de bytes; não revisão manual integral
arbustos/Assets/Fern1_1.png,3051,76cf4e45d4585451df94965c8ce86c8fb501ded4a055e06d8936c966777d2211,binário,,leitura automatizada de bytes; não revisão manual integral
arbustos/Assets/Fern1_2.png,2100,72c1a7bd8b91bb0bca27a17c83c7a8c255c8dbcb092e2a6c3c90a4cb17ea256e,binário,,leitura automatizada de bytes; não revisão manual integral
arbustos/Assets/Fern1_3.png,1774,9def2edafd740d9f35aadb11cecc6425825f17017ffc34b75113e53e50e9a0c1,binário,,leitura automatizada de bytes; não revisão manual integral
arbustos/Assets/Fern2_1.png,2631,fa8bb1460027fbade091434583f91a25f24d5f80f5ef5df30dd981926501e76b,binário,,leitura automatizada de bytes; não revisão manual integral
arbustos/Assets/Fern2_2.png,1924,84029e1311700e3ad29c4f595f3f5b1911015d0d69feba0eb4cf553708a7e177,binário,,leitura automatizada de bytes; não revisão manual integral
arbustos/Assets/Fern2_3.png,1724,59deb70d28f43573f3e9cd07e641b876c8916fa5edc34ef86e7874a9f4176bca,binário,,leitura automatizada de bytes; não revisão manual integral
arbustos/Assets/Snow_bush1.png,3199,b1c9e8bc249aed31ba6135ec31d4e4cab3e6e5163112dd6c2a4b39b769538cde,binário,,leitura automatizada de bytes; não revisão manual integral
arbustos/Assets/Snow_bush2.png,2292,b417848da53ee90bf484299101b850e0ab48513e31a8e06cd348eab87d52d964,binário,,leitura automatizada de bytes; não revisão manual integral
arbustos/Assets/Snow_bush3.png,1853,2b577dc9683d89e00b14414998face3c89fcade63a69276c212f915c989639b9,binário,,leitura automatizada de bytes; não revisão manual integral
arbustos/Assets_shadow/Autumn_bush1.png,3485,22260ef1def76706fc2762832a2364b756e7e3837cf5da9d0f3c569eeb96944b,binário,,leitura automatizada de bytes; não revisão manual integral
arbustos/Assets_shadow/Autumn_bush2.png,2533,f4a1486c1eb218027c4315e9381ab37dd0a5d779a72ead50e8c390e504bf5066,binário,,leitura automatizada de bytes; não revisão manual integral
arbustos/Assets_shadow/Autumn_bush3.png,1943,6bc294761be680adfc10f4ad688490ba8602f25bfb9d2f5e41a4495dc5cc5549,binário,,leitura automatizada de bytes; não revisão manual integral
arbustos/Assets_shadow/Broken_tree1.png,1849,7f5e5ca39edb0bd370b504bc44f9cf23eaaff8e77f137e13d530d06549c0cd84,binário,,leitura automatizada de bytes; não revisão manual integral
arbustos/Assets_shadow/Broken_tree2.png,1734,52003d855f50d059a76d3db329dcf9b9ef7d2e1d0950bfccc9008b08227b4a95,binário,,leitura automatizada de bytes; não revisão manual integral
arbustos/Assets_shadow/Burned_tree1.png,2309,9bd71676a3e2347270acdd4616154e04ba83bc05c9cde649a66c84a6cd233736,binário,,leitura automatizada de bytes; não revisão manual integral
arbustos/Assets_shadow/Burned_tree2.png,2028,a47bd7de0a0d97167d74528ca6d49d5ad947eb2e79e1f8d2c0b3e18316acdbba,binário,,leitura automatizada de bytes; não revisão manual integral
arbustos/Assets_shadow/Bush_blue_flowers1.png,3302,aa79d347a37cd348f8c1b629ebe2a837ab88183bd37414a1233ab7814aefa7f4,binário,,leitura automatizada de bytes; não revisão manual integral
arbustos/Assets_shadow/Bush_blue_flowers2.png,2546,6110282ea9991f429b23274994e6ca7742ac64beb63237cce5b772c6687b0892,binário,,leitura automatizada de bytes; não revisão manual integral
arbustos/Assets_shadow/Bush_blue_flowers3.png,1983,06fd2966dc9aab4a8302a1f05f1f1b5275360eca9682d3d335a3cb12d567da4f,binário,,leitura automatizada de bytes; não revisão manual integral
arbustos/Assets_shadow/Bush_orange_flowers1.png,3091,b83bbeadea328a7db7a0e4dbd75f792ac455d00606693c6e2ba3a23b453ca21b,binário,,leitura automatizada de bytes; não revisão manual integral
arbustos/Assets_shadow/Bush_orange_flowers2.png,2307,418143b3382aeb7797f36e9c9c2d797eb9a96d2b9255ec4b19eeafe377c762c4,binário,,leitura automatizada de bytes; não revisão manual integral
arbustos/Assets_shadow/Bush_orange_flowers3.png,1858,71a6cad70513a36b3a146b3effe4341b1c7dd3beab1d6d5bef4bae2928185bc6,binário,,leitura automatizada de bytes; não revisão manual integral
arbustos/Assets_shadow/Bush_pink_flowers1.png,2585,11765d5c0354f7c8a6122edbc9345b23e861bb52763d589253de775ce40e8e0a,binário,,leitura automatizada de bytes; não revisão manual integral
arbustos/Assets_shadow/Bush_pink_flowers2.png,2033,8382170bcd4db17988a36bad073475cb0ae794f71359cf869ef0e065ea3482c7,binário,,leitura automatizada de bytes; não revisão manual integral
arbustos/Assets_shadow/Bush_pink_flowers3.png,1760,2ef11bb45ec37e0981b7b34863396d6b05d810625d8b16ed3188f10042c9ac33,binário,,leitura automatizada de bytes; não revisão manual integral
arbustos/Assets_shadow/Bush_red_flowers1.png,3149,c7c6a4a494a338cd806b16c65bd2e26208625a7464f28694d7f89a39628374e6,binário,,leitura automatizada de bytes; não revisão manual integral
arbustos/Assets_shadow/Bush_red_flowers2.png,2401,56dac4dd7235e43776e45916f7b5da3c75006cfbea29401a27bae78a077250bf,binário,,leitura automatizada de bytes; não revisão manual integral
arbustos/Assets_shadow/Bush_red_flowers3.png,1932,5e90cb16682ae141042325a367bb7deaf548243017c114f179d0ae4842d3cb33,binário,,leitura automatizada de bytes; não revisão manual integral
arbustos/Assets_shadow/Bush_simple1_1.png,2199,7af6fa628a03aff2c6b935734e2e9f516d304e497bf4912d157642683004aaac,binário,,leitura automatizada de bytes; não revisão manual integral
arbustos/Assets_shadow/Bush_simple1_2.png,2028,9f37740ff133039668cd74e735a2f41d1393770fb4047effb36e054653b982ab,binário,,leitura automatizada de bytes; não revisão manual integral
arbustos/Assets_shadow/Bush_simple1_3.png,1712,3e745480f51371420fe31599be262483f6ac46e36b7af5766168519135b17039,binário,,leitura automatizada de bytes; não revisão manual integral
arbustos/Assets_shadow/Bush_simple2_1.png,2307,f2dcd67f560dcef3f8310626e72ea2c08dfd3a5b8ff80a41097161e2bda5c9ce,binário,,leitura automatizada de bytes; não revisão manual integral
arbustos/Assets_shadow/Bush_simple2_2.png,2008,5f3f7bd336379309b54183bb219ee9e392746389a6c464d4e1cd585508440f07,binário,,leitura automatizada de bytes; não revisão manual integral
arbustos/Assets_shadow/Bush_simple2_3.png,1751,5c2fbc18b1ec932dedcc46e42ae0dc0a8c3ecb7d18205a8031f89cf93a0a7cce,binário,,leitura automatizada de bytes; não revisão manual integral
arbustos/Assets_shadow/Cactus1_1.png,1984,452d71a9e0dfbaf5f2ad8fc0b8996e1bfd4c0b8ca02ed85afd3939d04cb9a783,binário,,leitura automatizada de bytes; não revisão manual integral
arbustos/Assets_shadow/Cactus1_2.png,1854,8af1880f7781d78165bc54cb6dc38b9c80019d678f8114dca3a4c1c1549ab174,binário,,leitura automatizada de bytes; não revisão manual integral
arbustos/Assets_shadow/Cactus1_3.png,1695,27c3ed8dcc9b21910efcee17e7f0a41969d734e207a19665f2ac679fbe221609,binário,,leitura automatizada de bytes; não revisão manual integral
arbustos/Assets_shadow/Cactus2_1.png,2411,8c7de9e9cb87659402a63a84fdf00708a5db685c8a59feb35a33fd65dc9a5bf7,binário,,leitura automatizada de bytes; não revisão manual integral
arbustos/Assets_shadow/Cactus2_2.png,1884,ae2e9a81d9c0d1f6130f65fe72c98a9a40c7a35f4702b1e684dd775be0b33a07,binário,,leitura automatizada de bytes; não revisão manual integral
arbustos/Assets_shadow/Cactus2_3.png,1665,feacb19ffc04f3c7b41dd3938a98751c56915ff0011af7a44c22b44bba6f02f3,binário,,leitura automatizada de bytes; não revisão manual integral
arbustos/Assets_shadow/Fern1_1.png,3069,9eafab0ae9fe481e7122e79e18694cc1845a88bcb5f27c50a734a32bea01d70f,binário,,leitura automatizada de bytes; não revisão manual integral
arbustos/Assets_shadow/Fern1_2.png,2126,f910cf904eeb1bf176807a7834266ef07c7b39a03f5c728b896b7689bdcdcd3f,binário,,leitura automatizada de bytes; não revisão manual integral
arbustos/Assets_shadow/Fern1_3.png,1787,052bcc0606e75206ce10d9d9822d6b10809c515307a1e88cbf2ece290a534aa3,binário,,leitura automatizada de bytes; não revisão manual integral
arbustos/Assets_shadow/Fern2_1.png,2678,b94f38961fabdbf06d885d53e4473dcb1356ddce3b3f28cc46aa63f9d2febd95,binário,,leitura automatizada de bytes; não revisão manual integral
arbustos/Assets_shadow/Fern2_2.png,1953,6ed10ee0f7aa9193ee79f851457860af047f29c370469bab79df021b758a7d4b,binário,,leitura automatizada de bytes; não revisão manual integral
arbustos/Assets_shadow/Fern2_3.png,1739,fffe2628ed63e651c099cd3cf947c190d55832c58656b9fe8d61bc499a89777b,binário,,leitura automatizada de bytes; não revisão manual integral
arbustos/Assets_shadow/Snow_bush1.png,3244,a57abb1d15517c5f02f67ed0396bbd9ad54976796f8cefc7018a5175408c6267,binário,,leitura automatizada de bytes; não revisão manual integral
arbustos/Assets_shadow/Snow_bush2.png,2315,4abf9dca2ac9b775e95892454424b4278583b9f8565669ef3f6e7e6e3268ba32,binário,,leitura automatizada de bytes; não revisão manual integral
arbustos/Assets_shadow/Snow_bush3.png,1860,47d4776b88698c23e1efb7791b275627f586a4e9cd9d07494225ddbcfb269dd9,binário,,leitura automatizada de bytes; não revisão manual integral
arbustos/Assets_shadow_source.png,28377,1320b893a3753a667173c2e9b7998c371c4337e675f8192060f2b4a6e34b3837,binário,,leitura automatizada de bytes; não revisão manual integral
arbustos/Assets_source.png,28111,c268d79a30d28528766537d6f8edcb9c188122f28cb688a233fc5fca3767dee9,binário,,leitura automatizada de bytes; não revisão manual integral
arbustos/Assets_texture_shadow_dark_source.png,30579,1975b54ab60c963600841ef9289442fe987cfb620251cff6b0e5f9c0ce617fa8,binário,,leitura automatizada de bytes; não revisão manual integral
arbustos/Assets_texture_shadow_source.png,30824,c54542ebb3e5a1d39eb297de54b983802b9f918b39f68f31fed0048ba08c1d03,binário,,leitura automatizada de bytes; não revisão manual integral
arbustos2/Assets_texture_shadow/Autumn_bush1.png,3551,c573459f7c89515d995a8bdf3302cd77f411764905aa2a65023b967ccd879ba5,binário,,leitura automatizada de bytes; não revisão manual integral
arbustos2/Assets_texture_shadow/Autumn_bush2.png,2594,ed721437285dff90c0adcf87834d1436e5db3b37e512a0b3b78b048c50ac26f8,binário,,leitura automatizada de bytes; não revisão manual integral
arbustos2/Assets_texture_shadow/Autumn_bush3.png,1971,cef64160715574823f6fc0902bb4eac178ca32fcb6483a6482f5bd5449934396,binário,,leitura automatizada de bytes; não revisão manual integral
arbustos2/Assets_texture_shadow/Broken_tree1.png,1889,f8bf08bdab56e155547ab9afe56e427a174270754e54047e2a114bcd45c20d79,binário,,leitura automatizada de bytes; não revisão manual integral
arbustos2/Assets_texture_shadow/Broken_tree2.png,1773,6acebddc364b26fcef3fab26fdf879b56d773c36a95693a537eef1c9f2a26ad7,binário,,leitura automatizada de bytes; não revisão manual integral
arbustos2/Assets_texture_shadow/Burned_tree1.png,2393,f3258feb336806650123bd257b226748c6854d36851f1b099f730de478d4f579,binário,,leitura automatizada de bytes; não revisão manual integral
arbustos2/Assets_texture_shadow/Burned_tree2.png,2068,31d240b8c5e3a2fca2891649a6312922d05ab8d4d931037a30314cac372b2a97,binário,,leitura automatizada de bytes; não revisão manual integral
arbustos2/Assets_texture_shadow/Bush_blue_flowers1.png,3411,77dd8d19eead544ac69aa336f46f71b688e4ec080905bf7a2801cf74b0fc0688,binário,,leitura automatizada de bytes; não revisão manual integral
arbustos2/Assets_texture_shadow/Bush_blue_flowers2.png,2613,b765744c042d8993efeab9aedeb905f0eaec3fee8256b3682d47a2bb786185e8,binário,,leitura automatizada de bytes; não revisão manual integral
arbustos2/Assets_texture_shadow/Bush_blue_flowers3.png,2045,a704e990b03c66c84815b9b55e5e001361c630b2122345ebf3dd45e0bedb6262,binário,,leitura automatizada de bytes; não revisão manual integral
arbustos2/Assets_texture_shadow/Bush_orange_flowers1.png,3220,2293f987c45b28178a4f134de5aa8d485b1b1943a7ab5837fec0e8888277b3f0,binário,,leitura automatizada de bytes; não revisão manual integral
arbustos2/Assets_texture_shadow/Bush_orange_flowers2.png,2371,1f03453b77c861bfbc7084b33d608eabad72b71eda60ab05cab4bc60f071a10a,binário,,leitura automatizada de bytes; não revisão manual integral
arbustos2/Assets_texture_shadow/Bush_orange_flowers3.png,1889,bf81ceb77cdcbadd229cb6dc4aeb7e79daa66e8dfee1a70e064e08007e4afacc,binário,,leitura automatizada de bytes; não revisão manual integral
arbustos2/Assets_texture_shadow/Bush_pink_flowers1.png,2665,a25fa264900396757a31a455a36d14b5261fa6a702c54744b5988c21795c57fb,binário,,leitura automatizada de bytes; não revisão manual integral
arbustos2/Assets_texture_shadow/Bush_pink_flowers2.png,2136,844f07aae3959bab4b8aeecf7082f6bce79799230fb649a147fd35e72e64799c,binário,,leitura automatizada de bytes; não revisão manual integral
arbustos2/Assets_texture_shadow/Bush_pink_flowers3.png,1821,4bb7eabb8bada3d5f26fa60c8e5ad4aa7a18804715215c75ea965468c3078af5,binário,,leitura automatizada de bytes; não revisão manual integral
arbustos2/Assets_texture_shadow/Bush_red_flowers1.png,3264,f4354b03a4da7311e70e8cb6cd2d69d2b640673708b24ceb540a84fa02acd6ce,binário,,leitura automatizada de bytes; não revisão manual integral
arbustos2/Assets_texture_shadow/Bush_red_flowers2.png,2477,745acbe9e9acd29fe63b13b6aec797fa724e848c90f36274130210ccd66c253d,binário,,leitura automatizada de bytes; não revisão manual integral
arbustos2/Assets_texture_shadow/Bush_red_flowers3.png,2005,7ad39c9894083f2d20af16764fc12e108b18e9969fd9f642f49b31fa86904c8e,binário,,leitura automatizada de bytes; não revisão manual integral
arbustos2/Assets_texture_shadow/Bush_simple1_1.png,2267,8882577efaaf59f622879838a959cf391252da14a90473d6129ebe6a8377e982,binário,,leitura automatizada de bytes; não revisão manual integral
arbustos2/Assets_texture_shadow/Bush_simple1_2.png,2108,e633e9cc28fd3f0eacc430cf139674559077078eb43063e1743ea7df7f85740b,binário,,leitura automatizada de bytes; não revisão manual integral
arbustos2/Assets_texture_shadow/Bush_simple1_3.png,1765,d64a79db7aa62eb42f213e4f3fe0ad44de6a7c6320d0c6bfb5390298012c36bb,binário,,leitura automatizada de bytes; não revisão manual integral
arbustos2/Assets_texture_shadow/Bush_simple2_1.png,2415,58d6c3e1bfa33b7d3b50dcf75d13e086e5474380c7a454c9e424352f45269407,binário,,leitura automatizada de bytes; não revisão manual integral
arbustos2/Assets_texture_shadow/Bush_simple2_2.png,2101,a22974ec45e5b38a31132bb90888ff39b3a9caf4fad0af51866ba802f90e2c7f,binário,,leitura automatizada de bytes; não revisão manual integral
arbustos2/Assets_texture_shadow/Bush_simple2_3.png,1798,81e243443018933cb99ce3e281fbb154dc679ec9f8d60adbca9bd515b368909f,binário,,leitura automatizada de bytes; não revisão manual integral
arbustos2/Assets_texture_shadow/Cactus1_1.png,2146,4cbd715fef461d85b0ddc7e1e796d36fb2b556ebd39a21bf4d00ff8ef884afab,binário,,leitura automatizada de bytes; não revisão manual integral
arbustos2/Assets_texture_shadow/Cactus1_2.png,1982,5323622565f4f06f862a631ef7e3a5f745896555ab9f4da81c581d63e73ced36,binário,,leitura automatizada de bytes; não revisão manual integral
arbustos2/Assets_texture_shadow/Cactus1_3.png,1756,e0ec16f3da79ed58d0e20d1144a97e8615cf3f8ea9348652dd34f87a9fe4843c,binário,,leitura automatizada de bytes; não revisão manual integral
arbustos2/Assets_texture_shadow/Cactus2_1.png,2554,acca02f4e38181340936ac8ecfbc124d1424204002608a2f41cdbfc259b2102e,binário,,leitura automatizada de bytes; não revisão manual integral
arbustos2/Assets_texture_shadow/Cactus2_2.png,1998,22708134b5a4e90f03ed3dd04e5a6890185f47d23ce4cdb1e576093cc8154350,binário,,leitura automatizada de bytes; não revisão manual integral
arbustos2/Assets_texture_shadow/Cactus2_3.png,1739,70e83f235375fc5da6b25378ae3689e1093086cdf6611f455c026dc2602729d7,binário,,leitura automatizada de bytes; não revisão manual integral
arbustos2/Assets_texture_shadow/Fern1_1.png,3203,da7a56deec59a76c7179eb602e1e782e23b2be060ad111877296225697fef318,binário,,leitura automatizada de bytes; não revisão manual integral
arbustos2/Assets_texture_shadow/Fern1_2.png,2238,da1bd6aaa0445736f8f1540953caf5692312f71da0b4698b6b6d27ccae3b6abc,binário,,leitura automatizada de bytes; não revisão manual integral
arbustos2/Assets_texture_shadow/Fern1_3.png,1835,e0038c780551a04a3dd825d1097908a52770ab717fe3de85effaf3b524deeee4,binário,,leitura automatizada de bytes; não revisão manual integral
arbustos2/Assets_texture_shadow/Fern2_1.png,2891,207d6266d781f179c7e60c00152e75d1c59ae351ea55fc1e31a5fd577adb0b2d,binário,,leitura automatizada de bytes; não revisão manual integral
arbustos2/Assets_texture_shadow/Fern2_2.png,2047,7d40cf9a8d174e843e9afbb20cd9407be29e19cfe234be1f44cd7e25ad774c0c,binário,,leitura automatizada de bytes; não revisão manual integral
arbustos2/Assets_texture_shadow/Fern2_3.png,1786,6560e4b7226cb6b0afe8b8ee60cbb2965820510e4206403dba3748e47c6e270f,binário,,leitura automatizada de bytes; não revisão manual integral
arbustos2/Assets_texture_shadow/Snow_bush1.png,3350,67e93251bd0b3914ee005c6062675657ccacdedbc45eff6ecda8a5064adcb1ca,binário,,leitura automatizada de bytes; não revisão manual integral
arbustos2/Assets_texture_shadow/Snow_bush2.png,2398,d08cfb408b4201998e02e6a7e9682dd877d442533d6ee7f5401cf16ac2ff5c7d,binário,,leitura automatizada de bytes; não revisão manual integral
arbustos2/Assets_texture_shadow/Snow_bush3.png,1913,f2e800d2a4dc25a522ce9d1ff7e65455c9ca22d2601147f812db86187e878b4d,binário,,leitura automatizada de bytes; não revisão manual integral
arbustos2/Assets_texture_shadow_dark/Autumn_bush1.png,3560,17536e86e9ec0988cd333692fab1000e7168331095ea7c250766372ceec9384c,binário,,leitura automatizada de bytes; não revisão manual integral
arbustos2/Assets_texture_shadow_dark/Autumn_bush2.png,2598,593bf3a9cbe0b711e5314a740c72a7192f27c162fdba377c57b5071dca2b468c,binário,,leitura automatizada de bytes; não revisão manual integral
arbustos2/Assets_texture_shadow_dark/Autumn_bush3.png,1963,8ed12f75655b2e35595ba47778ca5d4f3384db19d5b0ff19ae33cda66bd681ad,binário,,leitura automatizada de bytes; não revisão manual integral
arbustos2/Assets_texture_shadow_dark/Broken_tree1.png,1889,779cf7ff174006186e8d9180507f34a2f0a6839ab31a6013534a9589f265faf0,binário,,leitura automatizada de bytes; não revisão manual integral
arbustos2/Assets_texture_shadow_dark/Broken_tree2.png,1771,b2f9e7cc972a665a554216964adcb7d07b3fd1356c7c92f8ef7eaf367530b73b,binário,,leitura automatizada de bytes; não revisão manual integral
arbustos2/Assets_texture_shadow_dark/Burned_tree1.png,2369,10f7c980f0a995141dab4fd5bf0377ec8845cd92d719b87f4d2d14cf5e4ce6d1,binário,,leitura automatizada de bytes; não revisão manual integral
arbustos2/Assets_texture_shadow_dark/Burned_tree2.png,2057,cff6f15a64eb33e9e99eee6dd2125eb06fee67a0917c2314511e5182acdd47ca,binário,,leitura automatizada de bytes; não revisão manual integral
arbustos2/Assets_texture_shadow_dark/Bush_blue_flowers1.png,3408,ef080a5cb9855db805c24845c81f93a148537469551ef618b50bdded6b0f7587,binário,,leitura automatizada de bytes; não revisão manual integral
arbustos2/Assets_texture_shadow_dark/Bush_blue_flowers2.png,2609,652a0f3daecc4c4e7d9afd63b59a5c8d2c577a82661c0c1a5eb7760c66389700,binário,,leitura automatizada de bytes; não revisão manual integral
arbustos2/Assets_texture_shadow_dark/Bush_blue_flowers3.png,2027,6d67dfa6557dfdddd3ecd672a0f0599a88be2adf57314ffad2cccd37c07182f7,binário,,leitura automatizada de bytes; não revisão manual integral
arbustos2/Assets_texture_shadow_dark/Bush_orange_flowers1.png,3229,9a01a92d36cb7f37a72008c75fe74b04c453935fde28a865db7e4266569bc892,binário,,leitura automatizada de bytes; não revisão manual integral
arbustos2/Assets_texture_shadow_dark/Bush_orange_flowers2.png,2372,dc7df3197869540ce7f385e9dfcf59fbc8a5ad86e4f01ec235fe6be066c8373d,binário,,leitura automatizada de bytes; não revisão manual integral
arbustos2/Assets_texture_shadow_dark/Bush_orange_flowers3.png,1891,6a5224edee0668fcb65d083f9111c539863489c3ce349ef6a41688a718db7174,binário,,leitura automatizada de bytes; não revisão manual integral
arbustos2/Assets_texture_shadow_dark/Bush_pink_flowers1.png,2651,aca72a104a6cc6ac9dd9710a20f3734bce69123d1532294a8aaef57e2b149edf,binário,,leitura automatizada de bytes; não revisão manual integral
arbustos2/Assets_texture_shadow_dark/Bush_pink_flowers2.png,2133,bb7fdc73ccb0ca61b4791d5d6df2bde669a3933a9be5be5653155804344d024b,binário,,leitura automatizada de bytes; não revisão manual integral
arbustos2/Assets_texture_shadow_dark/Bush_pink_flowers3.png,1815,47a5952a8507023a25b9102ec164d5de904f3172682843f9a3a29b2d94015d1e,binário,,leitura automatizada de bytes; não revisão manual integral
arbustos2/Assets_texture_shadow_dark/Bush_red_flowers1.png,3283,a2e1f0ff7314cc5ff52ae27bfed5355bd0ba7c644ba843a00d45ccdd7351e7bd,binário,,leitura automatizada de bytes; não revisão manual integral
arbustos2/Assets_texture_shadow_dark/Bush_red_flowers2.png,2477,de0fd1874dc67b708727a2b3626c305f9066ba7b7c2b471950b27e130a81eb69,binário,,leitura automatizada de bytes; não revisão manual integral
arbustos2/Assets_texture_shadow_dark/Bush_red_flowers3.png,2010,8764b7eecfa5dbca25adbe4f1b4a4e2fe158b160165efcadb24988ff0835ad9d,binário,,leitura automatizada de bytes; não revisão manual integral
arbustos2/Assets_texture_shadow_dark/Bush_simple1_1.png,2272,eb2fa00987ace2af856f1872d054ebc97d0390b942ad2320234fc97a4cd9dd77,binário,,leitura automatizada de bytes; não revisão manual integral
arbustos2/Assets_texture_shadow_dark/Bush_simple1_2.png,2105,2c8850cfed163b0acf38492e63bd529c374812c1e4f9b5225f4befad8fd3452e,binário,,leitura automatizada de bytes; não revisão manual integral
arbustos2/Assets_texture_shadow_dark/Bush_simple1_3.png,1763,b3cc153579624491dcb4573a2314909292135c12cbd75e1ea8fcbeda8a3ebe2b,binário,,leitura automatizada de bytes; não revisão manual integral
arbustos2/Assets_texture_shadow_dark/Bush_simple2_1.png,2406,9a34e4bf78a01e4e71c81eb1fd1e02da766a4825bde9a6d92d38329511d55bcd,binário,,leitura automatizada de bytes; não revisão manual integral
arbustos2/Assets_texture_shadow_dark/Bush_simple2_2.png,2092,ae70b44b23178abb1eb8a771bb29c0388ade9d57ae107a2e103ade1f959c7fd4,binário,,leitura automatizada de bytes; não revisão manual integral
arbustos2/Assets_texture_shadow_dark/Bush_simple2_3.png,1793,a08f1fc64f951fca2ac9ed8e8b1c01b601917628c6435c75aea96202cceff994,binário,,leitura automatizada de bytes; não revisão manual integral
arbustos2/Assets_texture_shadow_dark/Cactus1_1.png,2123,737098a3f867b64d6545ea6e6446c212d880e07f4bed3fca3a0e8a28d8cb04ad,binário,,leitura automatizada de bytes; não revisão manual integral
arbustos2/Assets_texture_shadow_dark/Cactus1_2.png,1958,0a0bb21328339668981ef1eb207989aee54ea6aa256b88e0c3c19b35d6f2ee6b,binário,,leitura automatizada de bytes; não revisão manual integral
arbustos2/Assets_texture_shadow_dark/Cactus1_3.png,1746,d6de189ba84b15a612f616e71e039c6aa1273d96c263b627fe68fbace821e8d0,binário,,leitura automatizada de bytes; não revisão manual integral
arbustos2/Assets_texture_shadow_dark/Cactus2_1.png,2521,bcd5143b0414927901f97109400c6c2dde5537005548b5afaa6426b17220bde1,binário,,leitura automatizada de bytes; não revisão manual integral
arbustos2/Assets_texture_shadow_dark/Cactus2_2.png,1970,c76bc7b657493ad8a834d8b2778592c06f96f2dd7f534ac63ebabfe037254fd0,binário,,leitura automatizada de bytes; não revisão manual integral
arbustos2/Assets_texture_shadow_dark/Cactus2_3.png,1734,bc20601b6b649f374731c8de631a4a9547627a807989806e48fe96c751004f6a,binário,,leitura automatizada de bytes; não revisão manual integral
arbustos2/Assets_texture_shadow_dark/Fern1_1.png,3185,e72a86dcc9dcb460a531d11b7d277f7fbb57a6c53f498b329772ef5e1fe570b8,binário,,leitura automatizada de bytes; não revisão manual integral
arbustos2/Assets_texture_shadow_dark/Fern1_2.png,2228,809baf6016d2a8a085b4561e37886e822846ad8a01e7297b53ed6d51d71d2cfa,binário,,leitura automatizada de bytes; não revisão manual integral
arbustos2/Assets_texture_shadow_dark/Fern1_3.png,1832,ac8d66235cc9576f04281305650a88e6a534a369bcac1a446c41b3f114284884,binário,,leitura automatizada de bytes; não revisão manual integral
arbustos2/Assets_texture_shadow_dark/Fern2_1.png,2892,01fc67fdf93a06a7656444eaa5fd573760ce4b549828e8b847ea6685c1d4bb32,binário,,leitura automatizada de bytes; não revisão manual integral
arbustos2/Assets_texture_shadow_dark/Fern2_2.png,2055,0af4bcfe5225246bd8d261ccf3a1fd9a2d0c16e7142c65d580de033a7ecc6140,binário,,leitura automatizada de bytes; não revisão manual integral
arbustos2/Assets_texture_shadow_dark/Fern2_3.png,1793,02fe312be334dbfa68c691843eaa8e01c14232ff67a785d110b01df870733537,binário,,leitura automatizada de bytes; não revisão manual integral
arbustos2/Assets_texture_shadow_dark/Snow_bush1.png,3318,c4164983a4a606360d65c5e63ec3fffa1bf64aae073d9e376e46cbf58a57f9e8,binário,,leitura automatizada de bytes; não revisão manual integral
arbustos2/Assets_texture_shadow_dark/Snow_bush2.png,2397,26b549c92bf6d60a86fc4177283720583c5f0313b2f2fd5f05d03b376a6668ff,binário,,leitura automatizada de bytes; não revisão manual integral
arbustos2/Assets_texture_shadow_dark/Snow_bush3.png,1902,14a70ef4eab341a4cd507a71761806c346759da19401b25cdc2bfb93c0dac920,binário,,leitura automatizada de bytes; não revisão manual integral
arvores/Trees/Autumn_tree1.png,8239,209c1727b7848b2a25c83d07f35bc91270b3e7dc7a7df7a4debb320a1bdf4d32,binário,,leitura automatizada de bytes; não revisão manual integral
arvores/Trees/Autumn_tree2.png,6079,14ba6b5c502ab035f647133ff1f17ee27ce10da79cddd150748275edaa351314,binário,,leitura automatizada de bytes; não revisão manual integral
arvores/Trees/Autumn_tree3.png,4133,73a7d3f3dadd235794b77ada69a68562addcf04177eec070402ed2ec880c8341,binário,,leitura automatizada de bytes; não revisão manual integral
arvores/Trees/Broken_tree1.png,2314,9ba4f9b94752818875b73651cd9054ea3c5e3abc5f229bcab425c30b62e6d9cf,binário,,leitura automatizada de bytes; não revisão manual integral
arvores/Trees/Broken_tree2.png,2131,e0fce1e03c1b47cd28d57ae9d37b4af001e2f6378f110447345efeab17ca123e,binário,,leitura automatizada de bytes; não revisão manual integral
arvores/Trees/Broken_tree3.png,2374,16c1ae4462fb915d9ee7a6cff0f2952cf9a14fd19c5a24e5f54931f441701e4b,binário,,leitura automatizada de bytes; não revisão manual integral
arvores/Trees/Broken_tree4.png,2478,574e3e31ac20d7ce8d27061c55b075ae526a21b341aa9dce56e10d5639249e4a,binário,,leitura automatizada de bytes; não revisão manual integral
arvores/Trees/Broken_tree5.png,2051,12af8afd5fa7dbe15e4c9042ae580a13fc2a377b5166bb46ef942201396b994f,binário,,leitura automatizada de bytes; não revisão manual integral
arvores/Trees/Broken_tree6.png,1761,dfecc36fcb276017701b5582388ef4b9e30c98c446c921ce6fc14d2cda7e4093,binário,,leitura automatizada de bytes; não revisão manual integral
arvores/Trees/Broken_tree7.png,3216,b24a4b6208ee9b0c37854349670119f96db05c3380192561407bdbd84fe79b1b,binário,,leitura automatizada de bytes; não revisão manual integral
arvores/Trees/Burned_tree1.png,5161,23152d924fc9df230119f8d4ad2d451d536f73cee6839685362fa19c6d771122,binário,,leitura automatizada de bytes; não revisão manual integral
arvores/Trees/Burned_tree2.png,3908,42a12f723e78ef27194ed80669f38d93bd904006f8bf0974ab423fd3a62697cd,binário,,leitura automatizada de bytes; não revisão manual integral
arvores/Trees/Burned_tree3.png,3010,bb1244c11ec165d5d1d4044dbf0a8d11e612b8b7d75af80386e6037f00c86068,binário,,leitura automatizada de bytes; não revisão manual integral
arvores/Trees/Christmas_tree1.png,5030,66687703e5e10371da9b58d1768e14f0491d978c7d17b91b54295ce3f2cc1e53,binário,,leitura automatizada de bytes; não revisão manual integral
arvores/Trees/Christmas_tree2.png,3707,5aee757d8ce38aeda85e8903b69d61c06e06e2e177507cc9c3f9ed68caa2f092,binário,,leitura automatizada de bytes; não revisão manual integral
arvores/Trees/Christmas_tree3.png,2368,34247465f4c1b6fc32403d61b41d13cbcafa63b5baa7b798cfdeab0182749a42,binário,,leitura automatizada de bytes; não revisão manual integral
arvores/Trees/Flower_tree1.png,4844,ca3155f2f0f4f79b3f4a8c75cbd64d5d933d8b94cb19ce35d354cf662b0415a5,binário,,leitura automatizada de bytes; não revisão manual integral
arvores/Trees/Flower_tree2.png,3803,99f1abac1e65c89bb7b3c8b3caff7ae62a503212fd2a47597e624ae8786b8a1a,binário,,leitura automatizada de bytes; não revisão manual integral
arvores/Trees/Flower_tree3.png,2793,f93c8c4e234102802f1c6837ce67317c93fa611d8f33ce7949d57eac6a2fc543,binário,,leitura automatizada de bytes; não revisão manual integral
arvores/Trees/Fruit_tree1.png,5414,54803632c40c8d6cff29247ed29349f5cbf96a33321cf1260260f2b72a966aa8,binário,,leitura automatizada de bytes; não revisão manual integral
arvores/Trees/Fruit_tree2.png,4793,c6b70f37e76792ef1b79c0d71f289891d921d3010960fca2b5f93fb7459c6eaa,binário,,leitura automatizada de bytes; não revisão manual integral
arvores/Trees/Fruit_tree3.png,2958,beb7b33ed2ddda13d258740ccca71498393cfedd2bc64d50ba96e95ad89cddc9,binário,,leitura automatizada de bytes; não revisão manual integral
arvores/Trees/Moss_tree1.png,5806,1a758bfffc65f30a116c23e332b84f924c0d3d67fc99b002cda06d709bb42919,binário,,leitura automatizada de bytes; não revisão manual integral
arvores/Trees/Moss_tree2.png,4452,9d9aec3ebacbd21e3e9ef6fd26297f8b831c80f2033ce31be861a474eff9acdb,binário,,leitura automatizada de bytes; não revisão manual integral
arvores/Trees/Moss_tree3.png,3585,68089080b038e9bbb78768df2834590dc91bd14c70e0b7adb5aa036d6b6fd266,binário,,leitura automatizada de bytes; não revisão manual integral
arvores/Trees/Palm_tree1_1.png,4237,7617ccb6cf2b0ea713ef01a9bec3877d7fea523cc6acc0d83c8c6ef322246d55,binário,,leitura automatizada de bytes; não revisão manual integral
arvores/Trees/Palm_tree1_2.png,3223,0bd7534a6ccfbfc9af5dd21d7d8f76192a43a5191f195a731968fee36b8e2ab6,binário,,leitura automatizada de bytes; não revisão manual integral
arvores/Trees/Palm_tree1_3.png,2648,45bbefacbc1c38e481a4e550b07feb0bb268a2ab7dd1580892d672f4015f1468,binário,,leitura automatizada de bytes; não revisão manual integral
arvores/Trees/Palm_tree2_1.png,4479,52c8cc451ab6ca40a228d4de724a1a5b50c1bf4f236efd52c950e746b690283a,binário,,leitura automatizada de bytes; não revisão manual integral
arvores/Trees/Palm_tree2_2.png,3422,c350ce31cc9ed3360b344ecb2e6b1e2b268f6ca34ef07c5c1fd53e41c19e50dc,binário,,leitura automatizada de bytes; não revisão manual integral
arvores/Trees/Palm_tree2_3.png,2827,6406e2af5826c114fa67fca61c63e40e5ff44fbc088661c2f4209a5deefae885,binário,,leitura automatizada de bytes; não revisão manual integral
arvores/Trees/Snow_christmass_tree1.png,6600,a967f3cd4c8cf2c466fd4a5794e2246dc71b3bf828ac3584f31a4651ec3bcaf8,binário,,leitura automatizada de bytes; não revisão manual integral
arvores/Trees/Snow_christmass_tree2.png,4640,d07ba4211a28773bfbc8b2a90a9397eb55e1a3682acc27b114c18bb85375445a,binário,,leitura automatizada de bytes; não revisão manual integral
arvores/Trees/Snow_christmass_tree3.png,2818,0d653a5e064e20e44683531b48084bf9e91db8376266c0e3a47cd0e9c41e921c,binário,,leitura automatizada de bytes; não revisão manual integral
arvores/Trees/Snow_tree1.png,5677,582c6263067886e635ce489dc3ed4de42a4894b12a81372020c06b1d37251346,binário,,leitura automatizada de bytes; não revisão manual integral
arvores/Trees/Snow_tree2.png,4151,153b28d9ceb5bef808205726ef71d6c8d85d50598cada2a792e5c643b687a774,binário,,leitura automatizada de bytes; não revisão manual integral
arvores/Trees/Snow_tree3.png,3246,dc3609c31750845d76ce0cc22d8cb6e57438e6dfc09935800eaa303e538335c4,binário,,leitura automatizada de bytes; não revisão manual integral
arvores/Trees/Tree1.png,4766,6a7b68916009962d8096d57c3a0c82f0536cd8a82c217e4270b944689e1d2034,binário,,leitura automatizada de bytes; não revisão manual integral
arvores/Trees/Tree2.png,3727,629f32ed4ef79404b94b930cb9e10a0247c573ba6318de03d5699ba9dfe4daca,binário,,leitura automatizada de bytes; não revisão manual integral
arvores/Trees/Tree3.png,3236,b285a9276b7fe4dd4cb9ba7cf98f607884039d5abd32b6413cb780062ed79e7c,binário,,leitura automatizada de bytes; não revisão manual integral
arvores/Trees_shadow/Autumn_tree1.png,8325,b30181294a6f8db3cd19fa10eab48c17c2ec14e0d02814724cca176a348cd9bc,binário,,leitura automatizada de bytes; não revisão manual integral
arvores/Trees_shadow/Autumn_tree2.png,6104,c9f0b9eb52cd82eaeea04bdb8d8293d2d15e4860cc3a529b8aea4cd5b526bd7d,binário,,leitura automatizada de bytes; não revisão manual integral
arvores/Trees_shadow/Autumn_tree3.png,4164,4fbde7c77f7caf14df8b873b8150551ad0b0cee669566e5e9f5cfb62211c410f,binário,,leitura automatizada de bytes; não revisão manual integral
arvores/Trees_shadow/Broken_tree1.png,2351,263308db1f8f28a231baeb64ed74d73bdc92f382564e9e80cdeed1c7c0fec017,binário,,leitura automatizada de bytes; não revisão manual integral
arvores/Trees_shadow/Broken_tree2.png,2195,b4b2e1addb9f48ce22d8dc3961dea4342d31a0049463f869862bba4f2585b095,binário,,leitura automatizada de bytes; não revisão manual integral
arvores/Trees_shadow/Broken_tree3.png,2488,752f191b9ccb848375b8c81cae9822c42c844aafd3f517b9456f9e975694f03b,binário,,leitura automatizada de bytes; não revisão manual integral
arvores/Trees_shadow/Broken_tree4.png,2506,718086e0115bd343e7ba86f845ca5d95fd48cbdaab3b0d3784ad1630d85c6367,binário,,leitura automatizada de bytes; não revisão manual integral
arvores/Trees_shadow/Broken_tree5.png,2133,5e8d4e9b33aac6b0395bce0121446f2c8d818740fed7b5c5c84aa2ac3d21c224,binário,,leitura automatizada de bytes; não revisão manual integral
arvores/Trees_shadow/Broken_tree6.png,1815,73f4e4934b4792e49055cc60eeed8fd12db207f85430a3e0fec2389323520520,binário,,leitura automatizada de bytes; não revisão manual integral
arvores/Trees_shadow/Broken_tree7.png,3221,0ececd97a8b3af3777c234aa2e40c5d4eaf3305f232d203d3ddc0459f444bb8d,binário,,leitura automatizada de bytes; não revisão manual integral
arvores/Trees_shadow/Burned_tree1.png,5249,bf5167ccd5127b9c3f0ccffb19e659cc267025fa45f45889d087b0a5243058a8,binário,,leitura automatizada de bytes; não revisão manual integral
arvores/Trees_shadow/Burned_tree2.png,3927,a066163faa398958fc5ca241f369678b220f31e75354bff5956308941165db0e,binário,,leitura automatizada de bytes; não revisão manual integral
arvores/Trees_shadow/Burned_tree3.png,3035,f57ec52cf800ee498c7c030aa2c1cb3272e6086690d0e9845032da14634f582d,binário,,leitura automatizada de bytes; não revisão manual integral
arvores/Trees_shadow/Christmas_tree1.png,5087,626437904c7e8e659a7f0137499ab44130aada861f2ed7edcaa8cc7fa3909bc1,binário,,leitura automatizada de bytes; não revisão manual integral
arvores/Trees_shadow/Christmas_tree2.png,3749,10d01e12a283a72a8607bd04651c51c358485994bcaaa1206c2eb0981f3965a4,binário,,leitura automatizada de bytes; não revisão manual integral
arvores/Trees_shadow/Christmas_tree3.png,2385,f9b12a656dba09904906b66747548bdde775ab1eb29a6a874ebb98e9df19b9d9,binário,,leitura automatizada de bytes; não revisão manual integral
arvores/Trees_shadow/Flower_tree1.png,4867,73184428ae5fce9ce81e35b01cc8352e134d2a4479dc39023bdb6561ad14cb9c,binário,,leitura automatizada de bytes; não revisão manual integral
arvores/Trees_shadow/Flower_tree2-1.png,2831,51edd7ef92b98f3bfa893a10ea0957bd94f0c586b2c17650c5e9913ebfd042d5,binário,,leitura automatizada de bytes; não revisão manual integral
arvores/Trees_shadow/Flower_tree2.png,3835,214d6b13a82876fc42f9c3902ae729d7a11eca4c933358ea16f878a76b0e105e,binário,,leitura automatizada de bytes; não revisão manual integral
arvores/Trees_shadow/Fruit_tree1.png,5460,f160087fd2432f486e7b830fb0f7519e9c41e6d5d52f64150d9f23ae5be853d5,binário,,leitura automatizada de bytes; não revisão manual integral
arvores/Trees_shadow/Fruit_tree2.png,4834,d7023ddccfc6762bb35f9b74578c0388fe599ccc0116d6ecfe5b83f3339aebc2,binário,,leitura automatizada de bytes; não revisão manual integral
arvores/Trees_shadow/Fruit_tree3.png,2997,7b07be7302f9d719fce0ebcf636aad83fa33ba2ae9c7d7ae369f2798fb1e801b,binário,,leitura automatizada de bytes; não revisão manual integral
arvores/Trees_shadow/Moss_tree1.png,5852,9c836ce52d9f61258a722d916c7be16de24cf46ab770c562df16a7f07f62dc85,binário,,leitura automatizada de bytes; não revisão manual integral
arvores/Trees_shadow/Moss_tree2.png,4478,eb23b9adae64d16eb5fa2b416a70da97e69fb7cf30eeaa95cb68a6acfcf5281f,binário,,leitura automatizada de bytes; não revisão manual integral
arvores/Trees_shadow/Moss_tree3.png,3625,a10e3cfacc9c5f36f5fa1092b4bad49b352fe96bbcbdb002bd899fa16488e288,binário,,leitura automatizada de bytes; não revisão manual integral
arvores/Trees_shadow/Palm_tree1_1.png,4304,7699bfb3347401ef4a3465d018964373ccf36173a24ee72017237d34aadbdff0,binário,,leitura automatizada de bytes; não revisão manual integral
arvores/Trees_shadow/Palm_tree1_2.png,3244,f3da1e842282ee6a45d5334f42358dfa7f218718bf624a36bf1ced1d7065cfa1,binário,,leitura automatizada de bytes; não revisão manual integral
arvores/Trees_shadow/Palm_tree1_3.png,2667,411d8194a8440d44413efa3edcbdcd085c24359920b90b3ac02ea6c98275c282,binário,,leitura automatizada de bytes; não revisão manual integral
arvores/Trees_shadow/Palm_tree2_1.png,4524,772f76b4def49b9bf3c0ec55a06191c18f3c4561e4cb4944102f68e433cd396a,binário,,leitura automatizada de bytes; não revisão manual integral
arvores/Trees_shadow/Palm_tree2_2.png,3465,61bc73ef87ae05ed1650641c6e88df61b53c15a5b9ad3500ed8b258e1e91b48d,binário,,leitura automatizada de bytes; não revisão manual integral
arvores/Trees_shadow/Palm_tree2_3.png,2850,5312dc6e20c61c6d96ccc0f182996e70d1652e2d18a9c254daa4d2d973a0192e,binário,,leitura automatizada de bytes; não revisão manual integral
arvores/Trees_shadow/Snow_christmass_tree1.png,6618,3e6023e82bb1d2059e93467af92f0027a1c2027c41188bc065f6d91767ca3e7e,binário,,leitura automatizada de bytes; não revisão manual integral
arvores/Trees_shadow/Snow_christmass_tree2.png,4685,31edce94d4b8ba6ecc7c4bd8343a02fe2ab8aed44cc432d0987c272194fb86bc,binário,,leitura automatizada de bytes; não revisão manual integral
arvores/Trees_shadow/Snow_christmass_tree3.png,2820,bab2ea4c4147b29b8b7683222d85179eeeb96a5f32d8549a400c48213fb65b9f,binário,,leitura automatizada de bytes; não revisão manual integral
arvores/Trees_shadow/Snow_tree1.png,5710,7bda84f0b73f368f38205d29b60a22abc2c0d149e77d0ba2166d754a0400f036,binário,,leitura automatizada de bytes; não revisão manual integral
arvores/Trees_shadow/Snow_tree2.png,4158,54a36212d7975a89733868ae3dcfe41980b7f5d10d3f453f92fbdc6b353120e5,binário,,leitura automatizada de bytes; não revisão manual integral
arvores/Trees_shadow/Snow_tree3.png,3272,01b5610bfc07738c8505e4ab0575ce8550d6c69aa3c56e7d33e8911b377a016b,binário,,leitura automatizada de bytes; não revisão manual integral
arvores/Trees_shadow/Tree1.png,4833,f010ca43bcebc5f26ad760af304966f32ee312b7dc230b0968513b08b00caec4,binário,,leitura automatizada de bytes; não revisão manual integral
arvores/Trees_shadow/Tree2.png,3757,257365adf697eb662cc7ff71adb5719ab785458d02a901e611e7bd2532a895e1,binário,,leitura automatizada de bytes; não revisão manual integral
arvores/Trees_shadow/Tree3.png,3270,b3c8a895b27f07f9b04c031444907300a7cccd9051bfc3d912646b7a83e14504,binário,,leitura automatizada de bytes; não revisão manual integral
arvores/Trees_shadow_source.png,95063,cdaff11f248266e39e22a68f36c9cf056e73f59f3009e484bd29635be345f022,binário,,leitura automatizada de bytes; não revisão manual integral
arvores/Trees_source.png,91330,7dfe4197e3329d8c209fa5c90018a6427791b53088cf4712469c0101cf9bc37b,binário,,leitura automatizada de bytes; não revisão manual integral
arvores/Trees_texture_shadow_source.png,97702,53f2f1af45c87d94d5076b94db5f259dab78bfb32615372e822af5cb17e07dd3,binário,,leitura automatizada de bytes; não revisão manual integral
arvores/Trees_texture_shadows_dark_source.png,97923,b6a9542bd31ac8fab1dc03203fd0022e1739a62e1ec0a755d676fb3f2f951790,binário,,leitura automatizada de bytes; não revisão manual integral
arvores2/Trees_texture_shadow/Autumn_tree1.png,8434,b1fd433557440d64cd6d76e9867fdd4e1978b2cb3b05e1a723046e95c51764f1,binário,,leitura automatizada de bytes; não revisão manual integral
arvores2/Trees_texture_shadow/Autumn_tree2.png,6247,bd18748cc274b9a95255bc93cee4ab2b5f4be0e5f5bdd32c2336bc69dd3487c3,binário,,leitura automatizada de bytes; não revisão manual integral
arvores2/Trees_texture_shadow/Autumn_tree3.png,4263,6f4d4181de189c846bed3efc69da24fe1d55d76d4ea93757bbd13497aeff119b,binário,,leitura automatizada de bytes; não revisão manual integral
arvores2/Trees_texture_shadow/Broken_tree1.png,2477,446d12874a34525eda0a850583c38b1978f7b29d8818f35c01c248ed9503ceda,binário,,leitura automatizada de bytes; não revisão manual integral
arvores2/Trees_texture_shadow/Broken_tree2.png,2342,e71a9bbb34039fc0fe31c9d1b600b937e669120422abee3efaee99cc235ab364,binário,,leitura automatizada de bytes; não revisão manual integral
arvores2/Trees_texture_shadow/Broken_tree3.png,2611,62f297ab9c356cb762d72aa6dd4b2ce3c20b86eee91f7019445912f3819c4fec,binário,,leitura automatizada de bytes; não revisão manual integral
arvores2/Trees_texture_shadow/Broken_tree4.png,2713,3e67af0c6379b3bf505eaacaec4b8e61e67012289b9fab4ac004a13f8439c23f,binário,,leitura automatizada de bytes; não revisão manual integral
arvores2/Trees_texture_shadow/Broken_tree5.png,2269,4d66647913dbac4830c0f9c21b97a7aa87d16a805a1f6f355af6c38761a6153c,binário,,leitura automatizada de bytes; não revisão manual integral
arvores2/Trees_texture_shadow/Broken_tree6.png,1873,5be67d54e1cc3082ecb571c87d9b3f425c07ad880c3137d3477f3794664ef14d,binário,,leitura automatizada de bytes; não revisão manual integral
arvores2/Trees_texture_shadow/Broken_tree7.png,3553,31393241be8645644dd82f344ab27f30d68ef46d4d56e4a27e4419ff193d5941,binário,,leitura automatizada de bytes; não revisão manual integral
arvores2/Trees_texture_shadow/Burned_tree1.png,5419,842756639a01f3420f07dbeebee7c355b52cbc8a2ec5fbf849b88669f86c4545,binário,,leitura automatizada de bytes; não revisão manual integral
arvores2/Trees_texture_shadow/Burned_tree2.png,4060,42b2b8d2d7b32a01f7657adf0bf912148fdb1960a60c39b5c007bdbc446b3c27,binário,,leitura automatizada de bytes; não revisão manual integral
arvores2/Trees_texture_shadow/Burned_tree3.png,3126,ea5eda817782e21298619ff9206c285df1a47542e9b0f3426794462378b60960,binário,,leitura automatizada de bytes; não revisão manual integral
arvores2/Trees_texture_shadow/Christmas_tree1.png,5255,09a14f73bf0bbae1acd744f8f288e32b120a6dc52f27e335472b12d922bf8b09,binário,,leitura automatizada de bytes; não revisão manual integral
arvores2/Trees_texture_shadow/Christmas_tree2.png,3872,03fadc33b214f48f65b532a28e31199dd28b81db6b0216efb2f4656077fc0e8f,binário,,leitura automatizada de bytes; não revisão manual integral
arvores2/Trees_texture_shadow/Christmas_tree3.png,2435,747963aba57e1d9ef1915735f2932a2f71bffad4344dd284b3be82806ed474a4,binário,,leitura automatizada de bytes; não revisão manual integral
arvores2/Trees_texture_shadow/Flower_tree1.png,5054,8f5be5b7e3891cfa9ad32ed672358eabce7b962689bb08781f34b53f88ffecaf,binário,,leitura automatizada de bytes; não revisão manual integral
arvores2/Trees_texture_shadow/Flower_tree2.png,4318,6045fec0686bb30623e7c301976afd84b10c02a324e846000d81245bea106bdb,binário,,leitura automatizada de bytes; não revisão manual integral
arvores2/Trees_texture_shadow/Flower_tree3.png,2922,e596e4bc5e7a38fae9a59e6882efc814df9693aaebd7e0c15c65035d2000e9d4,binário,,leitura automatizada de bytes; não revisão manual integral
arvores2/Trees_texture_shadow/Fruit_tree1.png,5665,37618e3615e23f146fe7b535adb034fd780f97d468cb812596b9b7587034cdcc,binário,,leitura automatizada de bytes; não revisão manual integral
arvores2/Trees_texture_shadow/Fruit_tree2.png,4889,126a3ce4be34784324edf75f95a2fb0502325bb4afe4cfd150cfd44979fee22d,binário,,leitura automatizada de bytes; não revisão manual integral
arvores2/Trees_texture_shadow/Fruit_tree3.png,3050,2d99f18cf21f2b500128163b293a386cb9ced6e299dc579d7f6854ff5bad4817,binário,,leitura automatizada de bytes; não revisão manual integral
arvores2/Trees_texture_shadow/Moss_tree1.png,6006,a8a4cd05b441059b3e57dcb5a459cf6ac0b2b2b3d3f3700807834be1c542eb58,binário,,leitura automatizada de bytes; não revisão manual integral
arvores2/Trees_texture_shadow/Moss_tree2.png,4583,29cac22399cad9ca17d5497a3dcadd108ed60ce39270ea2d87f99fa76fb2e2d0,binário,,leitura automatizada de bytes; não revisão manual integral
arvores2/Trees_texture_shadow/Moss_tree3.png,3690,54086d6ba8e3307e612338d448adebfa6d94bdab609c7a5e929d0bc68f864a82,binário,,leitura automatizada de bytes; não revisão manual integral
arvores2/Trees_texture_shadow/Palm_tree1_1.png,4446,f9df81ab961a743e5bbb5b6563d13c52eddd09a56385cd87ee5062d5d30e296e,binário,,leitura automatizada de bytes; não revisão manual integral
arvores2/Trees_texture_shadow/Palm_tree1_2.png,3379,2c01d9410a963e0cb20b04ba1e5fd6ff76984a60f7c85661d12050a8817eaaff,binário,,leitura automatizada de bytes; não revisão manual integral
arvores2/Trees_texture_shadow/Palm_tree1_3.png,2757,e802efe3636cd9334736a23edf3ef99815e746055da7092bdf768d0ede32c33f,binário,,leitura automatizada de bytes; não revisão manual integral
arvores2/Trees_texture_shadow/Palm_tree2_1.png,4717,ad41193a53431ca49eab1a3604be5a43bb34f01e4698bd1351afd725ca5fff63,binário,,leitura automatizada de bytes; não revisão manual integral
arvores2/Trees_texture_shadow/Palm_tree2_2.png,3597,696157e1a4830cfa1521724d7779754486abdba3a42c1fe0232084fb1d451b85,binário,,leitura automatizada de bytes; não revisão manual integral
arvores2/Trees_texture_shadow/Palm_tree2_3.png,2931,12c3f654905443bc023d0a0cffa65bb71c9e5b92f62331ad062a78a5f57c0a34,binário,,leitura automatizada de bytes; não revisão manual integral
arvores2/Trees_texture_shadow/Snow_christmass_tree1.png,6713,ba964798510bad6f719670f418290cbfee91bd2ca6d9c0c764bb6d970a9ae2ed,binário,,leitura automatizada de bytes; não revisão manual integral
arvores2/Trees_texture_shadow/Snow_christmass_tree2.png,4778,a3c7c16202588a0df1f98b49fbe694f4cd5dbe540ed5e0e19d8095836846cfd0,binário,,leitura automatizada de bytes; não revisão manual integral
arvores2/Trees_texture_shadow/Snow_christmass_tree3.png,2876,25fd97eb1b3d4cca069b803da365ecc29d6cc85f17cd6f7a24778f8e413afc2e,binário,,leitura automatizada de bytes; não revisão manual integral
arvores2/Trees_texture_shadow/Snow_tree1.png,5856,2d00266fb6c44e42c93c34a96f9b25623243499c5d975a1a5db35bb21edfdad2,binário,,leitura automatizada de bytes; não revisão manual integral
arvores2/Trees_texture_shadow/Snow_tree2.png,4277,9a9c8972acdaeb2e602d0ba25f113b53a677b53d12ed13c80222c2a890b420aa,binário,,leitura automatizada de bytes; não revisão manual integral
arvores2/Trees_texture_shadow/Snow_tree3.png,3354,2e14a138f45b4c646709877af2b729a07506eec37d08d5b8947e8c408fcfae16,binário,,leitura automatizada de bytes; não revisão manual integral
arvores2/Trees_texture_shadow/Tree1.png,5008,d174adbeaa3f5d0b1f87e330d7af6feb46511ff30e26141e7cc44c1461034635,binário,,leitura automatizada de bytes; não revisão manual integral
arvores2/Trees_texture_shadow/Tree2.png,3903,67632e4a078c99e1b8c433f9b4a6e000fa1477725daa4dce7efff0a97ca2a8c3,binário,,leitura automatizada de bytes; não revisão manual integral
arvores2/Trees_texture_shadow/Tree3.png,3368,b84ee47d506be5cb8fdc6e4eaa395a10635b57b8c11ef8bcbae950660b6e0e4d,binário,,leitura automatizada de bytes; não revisão manual integral
arvores2/Trees_texture_shadow_dark/Autumn_tree1.png,8416,0c318436d202b5626bf15408c757d459b9c086bc76cf0921077dddc25abfa4c1,binário,,leitura automatizada de bytes; não revisão manual integral
arvores2/Trees_texture_shadow_dark/Autumn_tree2.png,6233,bae475d7cd7fcd2a93301dc0157274f5bdce99cb41c87219f9f7565ca9a4a0fb,binário,,leitura automatizada de bytes; não revisão manual integral
arvores2/Trees_texture_shadow_dark/Autumn_tree3.png,4249,02fb793ef7e48abc5c7cbd7e8b194e96625fec41aaa6e5522f99adebd6e7c5dc,binário,,leitura automatizada de bytes; não revisão manual integral
arvores2/Trees_texture_shadow_dark/Broken_tree1.png,2471,5493687edc170e64379925190b81f2a075d7ef4fd65f66959a5e302824d1cfd1,binário,,leitura automatizada de bytes; não revisão manual integral
arvores2/Trees_texture_shadow_dark/Broken_tree2.png,2335,a4dba7ba198bfd78e353bc9594c1d2bd73c9a0ef66fec18b00d6aece725b35d7,binário,,leitura automatizada de bytes; não revisão manual integral
arvores2/Trees_texture_shadow_dark/Broken_tree3.png,2604,9fcfa178760086b84f66df889cf246347f7e0c644e88da3b17e775c62f7ad162,binário,,leitura automatizada de bytes; não revisão manual integral
arvores2/Trees_texture_shadow_dark/Broken_tree4.png,2707,124a5ea6ca381021d1d122e86bb205a996804027239e771ced236b2544200e1c,binário,,leitura automatizada de bytes; não revisão manual integral
arvores2/Trees_texture_shadow_dark/Broken_tree5.png,2263,d0d96be2affb0cf64794ec37077a8213197c798a3b067f561d27cc7bf39eb2cc,binário,,leitura automatizada de bytes; não revisão manual integral
arvores2/Trees_texture_shadow_dark/Broken_tree6.png,1869,e6702e78f8fdaac2d1c40a6385c5c4813fa0b2efc3593bb5bfe39790ca9e7640,binário,,leitura automatizada de bytes; não revisão manual integral
arvores2/Trees_texture_shadow_dark/Broken_tree7.png,3540,5864588a9e1f45618011393c7a649f89540133fd5ab02d051b45421f0bf29f83,binário,,leitura automatizada de bytes; não revisão manual integral
arvores2/Trees_texture_shadow_dark/Burned_tree1.png,5405,e7f98dffba465f14e155302c1cdac2973c8c12cd9b5e057a0117c9978140aa2e,binário,,leitura automatizada de bytes; não revisão manual integral
arvores2/Trees_texture_shadow_dark/Burned_tree2.png,4041,c403d317d938a5d916c561a63873ad89eab96b8763689183c957bf142c620e87,binário,,leitura automatizada de bytes; não revisão manual integral
arvores2/Trees_texture_shadow_dark/Burned_tree3.png,3112,3b862241a248c63e989f72bfdec2fb1836beca65f8ed085276f179c310ea7920,binário,,leitura automatizada de bytes; não revisão manual integral
arvores2/Trees_texture_shadow_dark/Christmas_tree1.png,5247,b5a98c3cd1a4b43ad2e8d7d886a7bdeafdaf05cfd5edac0c69dfc02d893894f3,binário,,leitura automatizada de bytes; não revisão manual integral
arvores2/Trees_texture_shadow_dark/Christmas_tree2.png,3869,28146daf8f8f0f7c1b595d945dbff236529421a9e62510378184129d2d7cf1f5,binário,,leitura automatizada de bytes; não revisão manual integral
arvores2/Trees_texture_shadow_dark/Christmas_tree3.png,2430,496dc46c6ad992cd09f38ca0fea718617d5dfa0cddcf65436c3ab974025dc985,binário,,leitura automatizada de bytes; não revisão manual integral
arvores2/Trees_texture_shadow_dark/Flower_tree1.png,5038,b686bfbe1ee3b2b42b79718011ffb368700dd7a596f434ae5cfb63d6d7a04f9e,binário,,leitura automatizada de bytes; não revisão manual integral
arvores2/Trees_texture_shadow_dark/Flower_tree2.png,3937,c353caecbefd9dff5720fcb01377cfe055f1aaa6278eff86a3ac54853a0c9a12,binário,,leitura automatizada de bytes; não revisão manual integral
arvores2/Trees_texture_shadow_dark/Flower_tree3.png,2907,aeacd3aac6358dc2284803d4aca806dd0472ce018c000cc748aeb626d4f2a485,binário,,leitura automatizada de bytes; não revisão manual integral
arvores2/Trees_texture_shadow_dark/Fruit_tree1.png,5657,3f4597bf00b91833ff524f139d8d98e238ab1f5901776decec3eb051635f1596,binário,,leitura automatizada de bytes; não revisão manual integral
arvores2/Trees_texture_shadow_dark/Fruit_tree2.png,4880,eb4849647949b26e1cc7c1f4976fb09bf5f605f3f12768bc30a0c286d92e5907,binário,,leitura automatizada de bytes; não revisão manual integral
arvores2/Trees_texture_shadow_dark/Fruit_tree3.png,3042,f68e329a9975e96892465197637e9e628e295bf7d40d08731cd06d4935907520,binário,,leitura automatizada de bytes; não revisão manual integral
arvores2/Trees_texture_shadow_dark/Moss_tree1.png,5995,e8d0b6e7db04468f49f935ac6df496444280e32a44d170c6a830167eead16da4,binário,,leitura automatizada de bytes; não revisão manual integral
arvores2/Trees_texture_shadow_dark/Moss_tree2.png,4576,455888a3c9b1d2766635b489ce6b6ba14a30969a4e794c8315ce4cc9188582e8,binário,,leitura automatizada de bytes; não revisão manual integral
arvores2/Trees_texture_shadow_dark/Moss_tree3.png,3687,272b66b6818ce2b34b90eea27b433d1727bdd0baa28c84ef6a71257effdcd76c,binário,,leitura automatizada de bytes; não revisão manual integral
arvores2/Trees_texture_shadow_dark/Palm_tree1_1.png,4453,8ece8689ce2348ba7a278faaeb9db00e1c19d720acd479770f57ed4501494b9f,binário,,leitura automatizada de bytes; não revisão manual integral
arvores2/Trees_texture_shadow_dark/Palm_tree1_2.png,3382,fa173aafd63f870f201789f309f1027a5a587fcfba66404ca6d3af461292a85a,binário,,leitura automatizada de bytes; não revisão manual integral
arvores2/Trees_texture_shadow_dark/Palm_tree1_3.png,2764,e2436eaa24bb0250f44cec2bce6df18a0b1d4cc89f9ebe9dc0a891b05c6c09f1,binário,,leitura automatizada de bytes; não revisão manual integral
arvores2/Trees_texture_shadow_dark/Palm_tree2_.png,2925,8777a133ac59a0d81c085aa26d931726eee1046d268d19f6a336178fc17efdf2,binário,,leitura automatizada de bytes; não revisão manual integral
arvores2/Trees_texture_shadow_dark/Palm_tree2_1.png,4717,cd1d886ff6336a84d440f89d8ef98f09788e0b621c7b5e51cfb65f39261521f9,binário,,leitura automatizada de bytes; não revisão manual integral
arvores2/Trees_texture_shadow_dark/Palm_tree2_2.png,3592,2d1fff4a963b8b8f126331c07a1c68db3361c21d1bc7da92a57bee6553133737,binário,,leitura automatizada de bytes; não revisão manual integral
arvores2/Trees_texture_shadow_dark/Snow_christmass_tree1.png,6729,ffd4c45ba8450e698ca3274c7013d399b192b5c48134bdbfe3dc839f66cb4abc,binário,,leitura automatizada de bytes; não revisão manual integral
arvores2/Trees_texture_shadow_dark/Snow_christmass_tree2.png,4784,9350a10d9b4f84aeaf62d49f793944bd491661ab5020c63fc80a089f3e7ede6d,binário,,leitura automatizada de bytes; não revisão manual integral
arvores2/Trees_texture_shadow_dark/Snow_christmass_tree3.png,2894,20135d59fe685eab5202a65143aa73d697da0ad9598d274c6c0e8b987f2c061b,binário,,leitura automatizada de bytes; não revisão manual integral
arvores2/Trees_texture_shadow_dark/Snow_tree1.png,5844,951a781b731c836447a152f760e6d52ef5274a0091ad3ff5dbfc23642313f52f,binário,,leitura automatizada de bytes; não revisão manual integral
arvores2/Trees_texture_shadow_dark/Snow_tree2.png,4282,7a1517c14b3d2ef6a435d3741cf6b8f749d34e912eec37ba3274139eac3ae0bd,binário,,leitura automatizada de bytes; não revisão manual integral
arvores2/Trees_texture_shadow_dark/Snow_tree3.png,3350,867ac74f6ba02c093f06d2cf7a51dc7c23b3dcb5df344fd28e68c3c2c1108738,binário,,leitura automatizada de bytes; não revisão manual integral
arvores2/Trees_texture_shadow_dark/Tree1.png,5004,03f991db54c29203c5f5d006f36be637019cd73e683c849b94e77b95dc582c18,binário,,leitura automatizada de bytes; não revisão manual integral
arvores2/Trees_texture_shadow_dark/Tree2.png,3879,8c1092fa8b41f22759ad399f8c808f99d9e9b7522da78fcea87bc8d55b7c1945,binário,,leitura automatizada de bytes; não revisão manual integral
arvores2/Trees_texture_shadow_dark/Tree3.png,3366,b9e9ea743e9835e42f31391455ebf65ad8560b5184d5f748fc9dea39d77dfc34,binário,,leitura automatizada de bytes; não revisão manual integral
cenarios/Formigueiro.png,105209,04546055d565491af7141717f84d4f2cb27f01de78d5c61004d4d9340bf2e4c9,binário,,leitura automatizada de bytes; não revisão manual integral
cenarios/chão campo.jpeg,585273,47b73c5d558e8df24b2bc9be76aa153ebfd2e533d8e767db306f514e08b898f0,binário,,leitura automatizada de bytes; não revisão manual integral
cenarios/chão deserto.jpeg,539635,6040f797d17aba62035c72aef9c466172d5851763b741064b8198d0ef8df209e,binário,,leitura automatizada de bytes; não revisão manual integral
cenarios/chão pantano.jpeg,497658,1e4ea86201b2b55a335d4e5f65417ca6816a922f9f95a3f3e241d730d642aabf,binário,,leitura automatizada de bytes; não revisão manual integral
cenarios/gen-1d97a87b-5fbd-449e-8414-66cfb7a17f47.png,18828,5770c61b7aa799947d8e1a03b1b8eea467687dc296adb8458f280cb6d25ad4d6,binário,,leitura automatizada de bytes; não revisão manual integral
cenarios/gen-55ec5e27-9fc9-4815-88ec-43dc3a034be1.png,118228,4fd4b6e82a618ebbdfd4255157ba012a91e9b92ed72f60f9070565c9ad3b1722,binário,,leitura automatizada de bytes; não revisão manual integral
cenarios/gen-75141bb4-8fb4-4fe9-8ece-d47049464548.png,107407,b2fccd9eafbcccbfb5a79e42b4151f39105af8eb596304ce8efd81aae54ba1a6,binário,,leitura automatizada de bytes; não revisão manual integral
cenarios/gen-98e29479-8543-4d83-96c6-3072f98ebd4e.png,70344,cb376766eb5ec595bfd881522b9b634ae1d03be68ebce83a1cad5528e97455c8,binário,,leitura automatizada de bytes; não revisão manual integral
cenarios/gen-ba16916c-7fed-4f15-9b97-fe70552a0089.png,124952,b6fe751a04ae7edd0130a7c16a4afe509d4ef4d8b0f4a6351e2fa0656e423ecd,binário,,leitura automatizada de bytes; não revisão manual integral
cenarios/gen-e8fd81fa-5136-488d-ac9c-5dc039475c61.png,20825,b084d715ff4586f2cd42a70e140860eb5fc0631df18d08fa390bb991dbc9239e,binário,,leitura automatizada de bytes; não revisão manual integral
cenarios/gen-ea9232e2-279b-475d-8201-9ab893e51d76.png,129115,d6c85370fe2488edc12d0a921d33fed12e56a03dc7a46317987fee647c2f6a30,binário,,leitura automatizada de bytes; não revisão manual integral
cenarios/gen-f836ccd3-d780-49d9-ada4-29cd8398d2a4.png,21218,b7c8ef27dabc629a865ec2d66e7a794a85917ec9c2badf333a23c3fd018d41a9,binário,,leitura automatizada de bytes; não revisão manual integral
cenarios/slicebox.jpeg,296762,4e06ea4c10644fce945249890b2d2fff6d908b2673cfa6b97e0bf99e97cb824e,binário,,leitura automatizada de bytes; não revisão manual integral
cenarios/terra.png,16595,3d2498bc358d477b9ced95203971ed971143651d63dce61dd6684933e5369970,binário,,leitura automatizada de bytes; não revisão manual integral
cristais/Assets/Black_crystal1.png,2662,8b6612d9384b4e1e09640f37cdf3c3cd8925af9ee2c6e004c0480ef26766e137,binário,,leitura automatizada de bytes; não revisão manual integral
cristais/Assets/Black_crystal2.png,2559,674f563968a99518038caba4d787f9d5a861fe08ceff2586c8500b0b4cbbff38,binário,,leitura automatizada de bytes; não revisão manual integral
cristais/Assets/Black_crystal3.png,1954,3399d223d8c25334e3ebdfcf5aa9d2bcbfa52b708ad6b2995cf675a13c1eb4ab,binário,,leitura automatizada de bytes; não revisão manual integral
cristais/Assets/Black_crystal4.png,1665,9c72219f1321bc47f69a233d8b15cd75b28759f7ebf6a6c226d4bf0fc2644854,binário,,leitura automatizada de bytes; não revisão manual integral
cristais/Assets/Blue_crystal1.png,2824,734a7cda1247a5a6075a3df21a3290a95d15465534c2c4d6f6eee83e56810c2d,binário,,leitura automatizada de bytes; não revisão manual integral
cristais/Assets/Blue_crystal2.png,2626,14da0d78b9a6559db00615fed13542a41d36f3e9aeb8d01fe4f605d925cfcb12,binário,,leitura automatizada de bytes; não revisão manual integral
cristais/Assets/Blue_crystal3.png,1976,242a388cb33041a2b495a62841d22ec6651e97617ba2e1fdb36f974e3b71bfb1,binário,,leitura automatizada de bytes; não revisão manual integral
cristais/Assets/Blue_crystal4.png,1659,ee76101ee650982d08d64cb59515e1e3ad3bb6b909981a47de141e2758ff25eb,binário,,leitura automatizada de bytes; não revisão manual integral
cristais/Assets/Dark_red_ crystal1.png,2771,fbc5d96ffc1da437266ae9a4580ae05c34c908dd7aeca396095490180e0cc1f1,binário,,leitura automatizada de bytes; não revisão manual integral
cristais/Assets/Dark_red_ crystal2.png,2575,d40993a22689f2af1c6c26788085223345786cd607a9c43c1fb894f661388b06,binário,,leitura automatizada de bytes; não revisão manual integral
cristais/Assets/Dark_red_ crystal3.png,1938,edca9b8d95b5e27a40df14adea5a54b90355e22df0593a19925a305698695e98,binário,,leitura automatizada de bytes; não revisão manual integral
cristais/Assets/Dark_red_ crystal4.png,1655,48c4901b9cd08be71af81864983b54b06a7941e0291f0066ea8b0dad46e7f900,binário,,leitura automatizada de bytes; não revisão manual integral
cristais/Assets/Green_crystal1.png,2715,019b95f30867cf03202bec43d8326d7181a199bc64783883b2ab8325f9c5bcbe,binário,,leitura automatizada de bytes; não revisão manual integral
cristais/Assets/Green_crystal2.png,2626,2822dc2d99ae269e1948dd3a6cfaee40b708bdda2575eb1cb326e30b54fa80aa,binário,,leitura automatizada de bytes; não revisão manual integral
cristais/Assets/Green_crystal3.png,1871,e6efd9df557fa4fcacbdb474ded7987322ca3deb66769e2e63ff643f49ed35ca,binário,,leitura automatizada de bytes; não revisão manual integral
cristais/Assets/Green_crystal4.png,1670,786cba586c53c65a03a1d56cd0c71566950ad9577449efb64c8c3da5176ce13b,binário,,leitura automatizada de bytes; não revisão manual integral
cristais/Assets/Pink_crystal1.png,2918,d34bbec75812bf9cdd40c4b1610b3e7d795149f09f214ff1d5c6f547602ce732,binário,,leitura automatizada de bytes; não revisão manual integral
cristais/Assets/Pink_crystal2.png,2897,0bd8f08cc48f815df0798140375f1b84134781d1443e78b6aa8064b2ed4d5363,binário,,leitura automatizada de bytes; não revisão manual integral
cristais/Assets/Pink_crystal3.png,2107,b226e0dc7d983851e296ce4c426ee41cec9f09d4b9d210fb2d7ae18e84d2ae29,binário,,leitura automatizada de bytes; não revisão manual integral
cristais/Assets/Pink_crystal4.png,1717,1e0974441fb3e7d595d22c30b00d845c57dc5c3c69c7283d64b9a3b6e408ddfb,binário,,leitura automatizada de bytes; não revisão manual integral
cristais/Assets/Red_crystal1.png,2759,e527737b2e5806978a456e6d68afc5b8547bc6781d508319d9408e2a52cc9234,binário,,leitura automatizada de bytes; não revisão manual integral
cristais/Assets/Red_crystal2.png,2695,e0c01ab0fb02413a097c7b5f10ffc87fb345501ee787ca8c6dfeac204476728b,binário,,leitura automatizada de bytes; não revisão manual integral
cristais/Assets/Red_crystal3.png,1996,71d11409873de383fa20d91ca69cfce72e1f307f9f9d8339ce9f883a21a47ee9,binário,,leitura automatizada de bytes; não revisão manual integral
cristais/Assets/Red_crystal4.png,1708,1bafecb9b989062b14038f1c13e1bcaed82e4c406032c07ebb0baf3b875666a1,binário,,leitura automatizada de bytes; não revisão manual integral
cristais/Assets/Violet_crystal1.png,2907,a83ff63bbe9d72aec1852c09ce23dfa7671b4728fb7fe8e02008a388511a3cea,binário,,leitura automatizada de bytes; não revisão manual integral
cristais/Assets/Violet_crystal2.png,2864,1afa0819c82b9648d105d681e1cd8abc4fd09b10c27b45279576717ae004a24a,binário,,leitura automatizada de bytes; não revisão manual integral
cristais/Assets/Violet_crystal3.png,2100,f099ecbc4d74be2997781454ed78505820ba319af8752ee4e4bff8da9fa70c79,binário,,leitura automatizada de bytes; não revisão manual integral
cristais/Assets/Violet_crystal4.png,1681,a76d6b47f7ac8da6d90f540812ff71e6c2d8d95d7d015ece74f67d39df33f3b1,binário,,leitura automatizada de bytes; não revisão manual integral
cristais/Assets/White_crystal1.png,2887,473b79aae446c8a78ac2a005ba45038afb10209372dc3b8d9f4cdcb88c26b800,binário,,leitura automatizada de bytes; não revisão manual integral
cristais/Assets/White_crystal2.png,2703,6f9dcb39bf75104f89ecccf7a10d973ed64f6dc4b7c28d5ed360279b8bd902c9,binário,,leitura automatizada de bytes; não revisão manual integral
cristais/Assets/White_crystal3.png,1946,98689987be9a53b6a43efd84d51b2419e91e6a4c73c06eb2d92431c222cb67cf,binário,,leitura automatizada de bytes; não revisão manual integral
cristais/Assets/White_crystal4.png,1634,4db993fa15d7c4b378cbec37f89abb331057ed3a5b655febaa314cf696c9f99b,binário,,leitura automatizada de bytes; não revisão manual integral
cristais/Assets/Yellow-green_crystal1.png,2781,c17736060b0e8430af82f768f5daff78682e156d0f49eea28e9f898e653a99af,binário,,leitura automatizada de bytes; não revisão manual integral
cristais/Assets/Yellow-green_crystal2.png,2748,80a20293c16ff781db4be8f69a61db449be450f50374bd7b6dce0564fc747565,binário,,leitura automatizada de bytes; não revisão manual integral
cristais/Assets/Yellow-green_crystal3.png,2054,4d4b2959c5babc009fbb3532b3819eff97aef7e55d31175d84ea3e098f7c194f,binário,,leitura automatizada de bytes; não revisão manual integral
cristais/Assets/Yellow-green_crystal4.png,1646,bda013ac31547ad1a35bd77664ef5e43305415412ae8575222e24d9dd3f4b006,binário,,leitura automatizada de bytes; não revisão manual integral
cristais/Assets/Yellow_crystal1.png,3298,24e84760a8797a656d81cef3a1851d28221e109ea68d04b55953c29375e62d1a,binário,,leitura automatizada de bytes; não revisão manual integral
cristais/Assets/Yellow_crystal2.png,3009,b1398d4de14f6752c1f504d55b71d43d6cdd263a52e1fbb3b88d408c9e17a536,binário,,leitura automatizada de bytes; não revisão manual integral
cristais/Assets/Yellow_crystal3.png,2099,f6591a50bf353c12bc621402f901e4fbe7fa38590c68f419a83e4b6b49a0d08c,binário,,leitura automatizada de bytes; não revisão manual integral
cristais/Assets/Yellow_crystal4.png,1699,819780ff68d80f3e476342d2d3940050cf43f8d926ae5f171b650811207a3ae0,binário,,leitura automatizada de bytes; não revisão manual integral
cristais/Assets_shadow/Black_crystal1.png,2744,4a8b1170256c07e7b7a7e860d2a48abed1c381d69f30d30a48204d94d9d5ca8c,binário,,leitura automatizada de bytes; não revisão manual integral
cristais/Assets_shadow/Black_crystal2.png,2611,472d03e399f2479eebcc12925ca37eaccb6166d43ac3a13664bd06653792ba30,binário,,leitura automatizada de bytes; não revisão manual integral
cristais/Assets_shadow/Black_crystal3.png,1986,bd2a6c956741d777a12446be60d7d8c3a2115b717271c7908bf95a2f53f1e5cb,binário,,leitura automatizada de bytes; não revisão manual integral
cristais/Assets_shadow/Black_crystal4.png,1678,04e56e09c4f09fa462f52f89172d93feea6107d13a36744d982835fa6878a5c5,binário,,leitura automatizada de bytes; não revisão manual integral
cristais/Assets_shadow/Blue_crystal1.png,2872,6e0d72de2f11018a3b663ad85c7233ecad0388d0ede0650999077b67374bcf7d,binário,,leitura automatizada de bytes; não revisão manual integral
cristais/Assets_shadow/Blue_crystal2.png,2691,cf83615aafc65fe572a7509076a0702af318ec83b4018323a7246de6c6ba3861,binário,,leitura automatizada de bytes; não revisão manual integral
cristais/Assets_shadow/Blue_crystal3.png,2006,d49883c71a8470fa9d13a497a423ef53508730a1461b2a66888cb4f68ea68847,binário,,leitura automatizada de bytes; não revisão manual integral
cristais/Assets_shadow/Blue_crystal4.png,1685,1070b6d8421e4a91b718736dc114317fd58b9b9f68eb525dccac271fe8cc2a4f,binário,,leitura automatizada de bytes; não revisão manual integral
cristais/Assets_shadow/Dark_red_ crystal1.png,2830,b73c29a9cae4d7ab044044ef069f2b0b643c08ebffbe55b9917ea15139ae17d2,binário,,leitura automatizada de bytes; não revisão manual integral
cristais/Assets_shadow/Dark_red_ crystal2.png,2631,fb3d17693c1b19aa7fe8892a3313c11e91aa270a7e88e72e4c55cef3fc1506d9,binário,,leitura automatizada de bytes; não revisão manual integral
cristais/Assets_shadow/Dark_red_ crystal3.png,1967,bb7887a2498a185ceb96ff123612087d63213e06456199478409fcbf78d116c3,binário,,leitura automatizada de bytes; não revisão manual integral
cristais/Assets_shadow/Dark_red_ crystal4.png,1664,4f303d8ce9f3df1fbdd8b6039a93cfb1ffac5a75d3876c95663fddef32242de3,binário,,leitura automatizada de bytes; não revisão manual integral
cristais/Assets_shadow/Green_crystal1.png,2798,1417e02e1c45ca0eeebb60cb88dc2f8315b90cc021e2df7b99f5f74c3f36d1ec,binário,,leitura automatizada de bytes; não revisão manual integral
cristais/Assets_shadow/Green_crystal2.png,2650,8a0e94bdf2ed3746192444843b2dcfdd47a307d8215dba0c67c2364833b23aa4,binário,,leitura automatizada de bytes; não revisão manual integral
cristais/Assets_shadow/Green_crystal3.png,1900,9f42c9efcfbc59f2e4c17eed497572ba05bbbf1bbcfe5713e21e52867c0b70a4,binário,,leitura automatizada de bytes; não revisão manual integral
cristais/Assets_shadow/Green_crystal4.png,1671,bb483780c0e876dd41ed7322a0df525dd545cda8690113c6fcb6afc7b9c8b4b9,binário,,leitura automatizada de bytes; não revisão manual integral
cristais/Assets_shadow/Pink_crystal1.png,2981,0740b174cd3042781328843a91d3f3b68e5d8dc770d0b8eb7e53f6d784f0216c,binário,,leitura automatizada de bytes; não revisão manual integral
cristais/Assets_shadow/Pink_crystal2.png,2941,ae8f2489551d63b1e5e8cdce6798c6f876c15157f297d01dabca4c63a6089b40,binário,,leitura automatizada de bytes; não revisão manual integral
cristais/Assets_shadow/Pink_crystal3.png,2141,1426ccaef6a4b69caebf238f08d8412c3e7dfad0f3e5bef03a38989d47803cd6,binário,,leitura automatizada de bytes; não revisão manual integral
cristais/Assets_shadow/Pink_crystal4.png,1731,72f70bc527dd619a7cedeb900ac7414435afac60d1962aea5376204f8886931a,binário,,leitura automatizada de bytes; não revisão manual integral
cristais/Assets_shadow/Red_crystal1.png,2844,e46df69486397e7284070b7d9359e1574379e83f9209c0795753089f890860b6,binário,,leitura automatizada de bytes; não revisão manual integral
cristais/Assets_shadow/Red_crystal2.png,2717,b11848a2452388ac7703479e5c9d0de35d1d6032016464125da091aa2ec0517d,binário,,leitura automatizada de bytes; não revisão manual integral
cristais/Assets_shadow/Red_crystal3.png,2019,cf3a6a07f49e88bd0b7c194f178499995d91ff5e045e91f82c9f19f2ece63aac,binário,,leitura automatizada de bytes; não revisão manual integral
cristais/Assets_shadow/Red_crystal4.png,1727,fcd8bbed4460add7ba026963afe73388fbf8d72f9487ac202962c8209b9dce2d,binário,,leitura automatizada de bytes; não revisão manual integral
cristais/Assets_shadow/Violet_crystal1.png,2935,5f4bcff7eb4cc999c11514fe32aa3bbe5d626839b9442bdcf6d663cb10f3a562,binário,,leitura automatizada de bytes; não revisão manual integral
cristais/Assets_shadow/Violet_crystal2.png,2869,277cc937ec49dbbf4684aad5672936c2e23d1adace7454def7ec0c544ca551dc,binário,,leitura automatizada de bytes; não revisão manual integral
cristais/Assets_shadow/Violet_crystal3.png,2147,36ea5c4efe349c930216a40b8a3aa595e53a9ffd21c15e7cff0cdbff5fa299cb,binário,,leitura automatizada de bytes; não revisão manual integral
cristais/Assets_shadow/Violet_crystal4.png,1695,53198cbce0f57491b73e958a13f69538d6c996cb0e72e54b1baa5f919fb9d5af,binário,,leitura automatizada de bytes; não revisão manual integral
cristais/Assets_shadow/White_crystal1.png,2948,c86fca7bd1bfe758b970e0517016c3d11382700e80d10731ddfaf8f9f84f6e36,binário,,leitura automatizada de bytes; não revisão manual integral
cristais/Assets_shadow/White_crystal2.png,2761,b3a5e4e5f75b0594ed1de5d5cf0f01344d2c371d76c9dd33c27f8c296289f95a,binário,,leitura automatizada de bytes; não revisão manual integral
cristais/Assets_shadow/White_crystal3.png,1981,9ce21a7bde77a2f46bfb9d62d754f7d7195d339ac2beb66c5b690327a085c2ca,binário,,leitura automatizada de bytes; não revisão manual integral
cristais/Assets_shadow/White_crystal4.png,1665,017771de69cf4d7ef9eec854dc8dcf3284061e359a3d60a0ebfa620e3e0042db,binário,,leitura automatizada de bytes; não revisão manual integral
cristais/Assets_shadow/Yellow-green_crystal1.png,2832,48205b2ba7af2bf60586114f2cee9e9a433b3dcfa64290a9a22992861b7f3e81,binário,,leitura automatizada de bytes; não revisão manual integral
cristais/Assets_shadow/Yellow-green_crystal2.png,2810,6b733c5c95acb0fafc7d5272d36811413e7f8f341342a5aad69b8f8a29130d68,binário,,leitura automatizada de bytes; não revisão manual integral
cristais/Assets_shadow/Yellow-green_crystal3.png,2074,80f643228f2b07e5ded3350de8013f47301c418ddeda24cab8d9e72d96d46da1,binário,,leitura automatizada de bytes; não revisão manual integral
cristais/Assets_shadow/Yellow-green_crystal4.png,1657,2a2126808e3e6933683e920fdc758399569f1b15381bf8d17ff814975e05c8ac,binário,,leitura automatizada de bytes; não revisão manual integral
cristais/Assets_shadow/Yellow_crystal1.png,3347,cb196cd67b569604d8183fe8b8fbc13bc13ea58727172c651505e915a56526c5,binário,,leitura automatizada de bytes; não revisão manual integral
cristais/Assets_shadow/Yellow_crystal2.png,3057,fa836a62563f38a6088514d74ec24fec3b787326bb60a5378ba5b87117769244,binário,,leitura automatizada de bytes; não revisão manual integral
cristais/Assets_shadow/Yellow_crystal3.png,2126,a3c265a1a5e4e3d0ceb6476eb73a1930fc3e2b6319b288b94079624e2d0655ff,binário,,leitura automatizada de bytes; não revisão manual integral
cristais/Assets_shadow/Yellow_crystal4.png,1712,64379682d5edd343338fe98fdca85b9a28ead1b52ca2188b7409a207c756f7b6,binário,,leitura automatizada de bytes; não revisão manual integral
cristais/Assets_shadow_source.png,35038,4ef12b149f592b12ad0a35c00ba4efb3e8f6add043ddc2c592768f7415b4f1b8,binário,,leitura automatizada de bytes; não revisão manual integral
cristais/Assets_source.png,34793,b4c6f245e73c390980295c921d75578858ab1edf23756fcbcb39928f8c02e6b4,binário,,leitura automatizada de bytes; não revisão manual integral
cristais/Assets_texture_shadow_dark_source.png,38096,19e18aa4d2a52ec521ce515faa6fd3e2ec82833225c15e446443e13290124842,binário,,leitura automatizada de bytes; não revisão manual integral
cristais/Assets_texture_shadow_source.png,37078,bcda768dfe43b63c0ccffc2da3759489469cefcacb4147e93146631f99f5b96a,binário,,leitura automatizada de bytes; não revisão manual integral
cristais1/Assets_texture_shadow/Black_crystal1.png,2782,46f8c1519f2334864ea73b5659dcaa38010493fd9ea01abaa27b4a22ac820407,binário,,leitura automatizada de bytes; não revisão manual integral
cristais1/Assets_texture_shadow/Black_crystal2.png,2647,5c2b9ca827f0211483e13d81c283ce2c647c9785209d78b17b3014a39eba0f66,binário,,leitura automatizada de bytes; não revisão manual integral
cristais1/Assets_texture_shadow/Black_crystal3.png,1993,1db128050d24f71faf42386174b8557e63f1f9b0c4d7e3d2b1aa4f9422ef00ba,binário,,leitura automatizada de bytes; não revisão manual integral
cristais1/Assets_texture_shadow/Black_crystal4.png,1688,1ef1448096a8ef01c5a2152293cf9f16a3b346c9fdbd2982db54bc7c816408d5,binário,,leitura automatizada de bytes; não revisão manual integral
cristais1/Assets_texture_shadow/Blue_crystal1.png,2942,794c28fec3c792ba87b49c879933f1f19562b0724a77695739ca41e24178408a,binário,,leitura automatizada de bytes; não revisão manual integral
cristais1/Assets_texture_shadow/Blue_crystal2.png,2734,f37e91d2d1651a8b54f1d0c333b85b6995504204e9f462ca0cb38de0d35bfd7b,binário,,leitura automatizada de bytes; não revisão manual integral
cristais1/Assets_texture_shadow/Blue_crystal3.png,2065,65e6e95ba5e84a7fa3bf7d5ceab45e2d205a5bff800daa340d4962339cf78f02,binário,,leitura automatizada de bytes; não revisão manual integral
cristais1/Assets_texture_shadow/Blue_crystal4.png,1707,35fde5286a63a5ebf418c4a52bc1dc5ceb42c6fb18b241cba28267999de666e0,binário,,leitura automatizada de bytes; não revisão manual integral
cristais1/Assets_texture_shadow/Dark_red_ crystal1.png,2979,e3b66ec4c92c2692e1bd2abc88dd37233abf4182e94fd61f65431f55f87f653a,binário,,leitura automatizada de bytes; não revisão manual integral
cristais1/Assets_texture_shadow/Dark_red_ crystal2.png,2723,2bc0e191e38db5d01e773c72b29c94f43aca1666aa43849aa81bde2bddfdfa2d,binário,,leitura automatizada de bytes; não revisão manual integral
cristais1/Assets_texture_shadow/Dark_red_ crystal3.png,2070,04eff29293bdaf49e63b22dd5cc8a5f3f95f8b2dd16eb60fd2c541f68af928f9,binário,,leitura automatizada de bytes; não revisão manual integral
cristais1/Assets_texture_shadow/Dark_red_ crystal4.png,1693,ddc12342cabb1e0caeb31308468b1b31ac6092df7988b855c001a5a402684130,binário,,leitura automatizada de bytes; não revisão manual integral
cristais1/Assets_texture_shadow/Green_crystal1.png,2927,967abf52687f61c650b9fd7df29bf18c9645b05a9a4274eb2f47df1d731ea80e,binário,,leitura automatizada de bytes; não revisão manual integral
cristais1/Assets_texture_shadow/Green_crystal2.png,2741,55b8971ca4d07370ecbc6d0c24bcf1c0469c69eb5e84522361655f8cdb786fdb,binário,,leitura automatizada de bytes; não revisão manual integral
cristais1/Assets_texture_shadow/Green_crystal3.png,1951,241203409483bd2f467b62cf67a8288183f6ce2aa833716e2b6d1d79683bcd77,binário,,leitura automatizada de bytes; não revisão manual integral
cristais1/Assets_texture_shadow/Green_crystal4.png,1707,400dda01f31cc12a4bbaa7d61c353ad592608b5fe9487d3a0139765791295b4d,binário,,leitura automatizada de bytes; não revisão manual integral
cristais1/Assets_texture_shadow/Pink_crystal1.png,3108,d716efc2a2a2f8d376050ddcf239166d02fa38c869adae44ced0d81bd64a7abf,binário,,leitura automatizada de bytes; não revisão manual integral
cristais1/Assets_texture_shadow/Pink_crystal2.png,3064,aa77975e3d6a84ccd185174eaecc54d3c8687200941df18dfcadd48cba584eda,binário,,leitura automatizada de bytes; não revisão manual integral
cristais1/Assets_texture_shadow/Pink_crystal3.png,2200,ac29e59c632762b169f3e59c4d3eac60ad306638272e0b99fba2aa90e36ca8b7,binário,,leitura automatizada de bytes; não revisão manual integral
cristais1/Assets_texture_shadow/Pink_crystal4.png,1756,d8c8e037f9ad5be511437543e70f87d437d7cad97c475878ca5b3bcfa1dc75c5,binário,,leitura automatizada de bytes; não revisão manual integral
cristais1/Assets_texture_shadow/Red_crystal1.png,2951,eaab3aae7582e5b9996dac94c9c13a591f6c43fffd196cb229bef4cd05226dd4,binário,,leitura automatizada de bytes; não revisão manual integral
cristais1/Assets_texture_shadow/Red_crystal2.png,2777,68369f00a25ebc1f62bdf801ff4b2aad2946db240d45947e2b95ccfd2fbeb068,binário,,leitura automatizada de bytes; não revisão manual integral
cristais1/Assets_texture_shadow/Red_crystal3.png,2073,784cf8000187acf22a402a0334e6b8172cad49e43820a61602b76e2627f9a93b,binário,,leitura automatizada de bytes; não revisão manual integral
cristais1/Assets_texture_shadow/Red_crystal4.png,1734,150bf82bc140c44c823c88f6be35af1a7b898eba630839c35e83a8a064ff9943,binário,,leitura automatizada de bytes; não revisão manual integral
cristais1/Assets_texture_shadow/Violet_crystal1.png,2992,ba38395462a9c70b002cdf5a04ba5f5e7beff06cf0756d8f2601fd716023f0bf,binário,,leitura automatizada de bytes; não revisão manual integral
cristais1/Assets_texture_shadow/Violet_crystal2.png,2970,bf66a60da9ecf7ce7d4de56d068e18f23434b455e98e05bd0bdd6f67c64dbaa1,binário,,leitura automatizada de bytes; não revisão manual integral
cristais1/Assets_texture_shadow/Violet_crystal3.png,2173,3459aa7295e45f391423a727f26c0670f18a6d8176947bc0d621b70e13eb8f69,binário,,leitura automatizada de bytes; não revisão manual integral
cristais1/Assets_texture_shadow/Violet_crystal4.png,1715,12cba2b13638bb14ea56952a7c4ed9cb7be939aaca0d2a70c9dc24de92a18b25,binário,,leitura automatizada de bytes; não revisão manual integral
cristais1/Assets_texture_shadow/White_crystal1.png,3039,921fbcfa3bd32282ec0bcf26d96a5cef4e3f0f429fb2888fc17982ab9a502eeb,binário,,leitura automatizada de bytes; não revisão manual integral
cristais1/Assets_texture_shadow/White_crystal2.png,2835,82e54ef78d444c37aba655885bc3e551da759476dc993213c38f8101d83acf9b,binário,,leitura automatizada de bytes; não revisão manual integral
cristais1/Assets_texture_shadow/White_crystal3.png,2005,259beb9976cf6fb67f6d5b046ff72fda37a7473a5105980d86c54f2e0ea2f820,binário,,leitura automatizada de bytes; não revisão manual integral
cristais1/Assets_texture_shadow/White_crystal4.png,1715,2290048bdc1e9b014d5419987c215440faea15bce7ee422784d2861b94eb7f54,binário,,leitura automatizada de bytes; não revisão manual integral
cristais1/Assets_texture_shadow/Yellow-green_crystal1.png,2931,8153a94b266e4063e51c09f94d4e520868e32e99fa56ba542a1752b7c2be259a,binário,,leitura automatizada de bytes; não revisão manual integral
cristais1/Assets_texture_shadow/Yellow-green_crystal2.png,2848,9853bfa87eb707d01f5fd72399025813dce0176145dcaa3522ec72778fc48eae,binário,,leitura automatizada de bytes; não revisão manual integral
cristais1/Assets_texture_shadow/Yellow-green_crystal3.png,2083,e366fc73e8923f158a3d0deb05ef740c91712971de304b983e01e978f7e3f647,binário,,leitura automatizada de bytes; não revisão manual integral
cristais1/Assets_texture_shadow/Yellow-green_crystal4.png,1657,a6579561afde21b413b3eda0264ae41ffa153130edd6165b808ec86dc4fb97f1,binário,,leitura automatizada de bytes; não revisão manual integral
cristais1/Assets_texture_shadow/Yellow_crystal1.png,3498,5efa436539cd811c74a3010b1a559622cdb736b154ce11326494999c777e0fa4,binário,,leitura automatizada de bytes; não revisão manual integral
cristais1/Assets_texture_shadow/Yellow_crystal2.png,3147,7340e733f5f722778fc4f38ea2c3667178ad7be6acfcc7f0e0e75a5ce489ecc3,binário,,leitura automatizada de bytes; não revisão manual integral
cristais1/Assets_texture_shadow/Yellow_crystal3.png,2155,478cce472ea1ff97c495697bfa495ea10f9d57e70cabbd16c2e2361c7eeaee37,binário,,leitura automatizada de bytes; não revisão manual integral
cristais1/Assets_texture_shadow/Yellow_crystal4.png,1735,02b8262c56608f8e9fe9355badee481741c49703a1d3c4b700258235ff18a83f,binário,,leitura automatizada de bytes; não revisão manual integral
cristais1/Assets_texture_shadow_dark/Black_crystal1.png,2843,9d584cfff682f70034d5117d92059668767dfbcc50a14e1c7aa29cd6b4f141c4,binário,,leitura automatizada de bytes; não revisão manual integral
cristais1/Assets_texture_shadow_dark/Black_crystal2.png,2691,c7277a8e0d63134e9a2e244fce20b369f2ca221494b4981e3f4c20f4be2cf267,binário,,leitura automatizada de bytes; não revisão manual integral
cristais1/Assets_texture_shadow_dark/Black_crystal3.png,2025,902f18c822d10bc8fc2b1ed60329acf2576aef6fe1e808ee9abe29f62faaba8d,binário,,leitura automatizada de bytes; não revisão manual integral
cristais1/Assets_texture_shadow_dark/Black_crystal4.png,1711,fc39fd7cec8d443922526a91b54396eee5c9313f3625ed6b156d7c5aa749dbf3,binário,,leitura automatizada de bytes; não revisão manual integral
cristais1/Assets_texture_shadow_dark/Blue_crystal.png,1716,f4177bfa51d1199caf6f01f30586b9effe3383fee8d66aa75ad084860a353631,binário,,leitura automatizada de bytes; não revisão manual integral
cristais1/Assets_texture_shadow_dark/Blue_crystal1.png,3201,0a938298c525039408aad33b6436a5b10926d65f7a0e853f67fb399ff1d7555d,binário,,leitura automatizada de bytes; não revisão manual integral
cristais1/Assets_texture_shadow_dark/Blue_crystal2.png,2452,5f9fd11fd21ecc9ed432e2d4d2848cab8277ca94132f9a138ee7e11745a4d29d,binário,,leitura automatizada de bytes; não revisão manual integral
cristais1/Assets_texture_shadow_dark/Blue_crystal3.png,2099,73637685f6948eb909e6402a7a9442b5ff275f2e8e8ce6cf2b128e4c44cfd29f,binário,,leitura automatizada de bytes; não revisão manual integral
cristais1/Assets_texture_shadow_dark/Dark_red_ crystal1.png,2979,219ca3e459b7363daebc9e35e8fd8a3e36cd4c34a15aeca7e3810684848e2248,binário,,leitura automatizada de bytes; não revisão manual integral
cristais1/Assets_texture_shadow_dark/Dark_red_ crystal2.png,2723,45769aaefa5b8402047d615b1a68ad1bb1492570134a05bfb4b5ffa76403eba0,binário,,leitura automatizada de bytes; não revisão manual integral
cristais1/Assets_texture_shadow_dark/Dark_red_ crystal3.png,2070,2cc8ac2a7ac49365a1fb86b1f4196e964328a3ea3caf07c880953e1ea48e03fd,binário,,leitura automatizada de bytes; não revisão manual integral
cristais1/Assets_texture_shadow_dark/Dark_red_ crystal4.png,1693,6f327ff93f5b45f3da33e2148b6103a189eff1eb64a70f633bfb6d1bad688c12,binário,,leitura automatizada de bytes; não revisão manual integral
cristais1/Assets_texture_shadow_dark/Green_crystal1.png,2927,c2f3918d01c272e4864cdea824a36263e975136b32cc706b237b2eb422d42c58,binário,,leitura automatizada de bytes; não revisão manual integral
cristais1/Assets_texture_shadow_dark/Green_crystal2.png,2741,0f00711b4452a1a96ec6ec11d7dcc838523a05af2e7f5246cad79e744524ce69,binário,,leitura automatizada de bytes; não revisão manual integral
cristais1/Assets_texture_shadow_dark/Green_crystal3.png,1951,d08151065cc6c4f0ed4be2e9d41e73b67599830e51a2ee38eb5b4e68352d98c5,binário,,leitura automatizada de bytes; não revisão manual integral
cristais1/Assets_texture_shadow_dark/Green_crystal4.png,1707,c42c9d308d20cf1850f952940a1a65498aaa6bd14dbc49e570245a8092f2e257,binário,,leitura automatizada de bytes; não revisão manual integral
cristais1/Assets_texture_shadow_dark/Pink_crystal1.png,3108,5e87a89d5e2087af6ffa6696c75ac12a030bfcae3f8e3cc3598819a7e375db59,binário,,leitura automatizada de bytes; não revisão manual integral
cristais1/Assets_texture_shadow_dark/Pink_crystal2.png,3064,1f817aa54068596348c736a22d7ef4f6a85a9f3723b840ac5a2e4e6a0a605733,binário,,leitura automatizada de bytes; não revisão manual integral
cristais1/Assets_texture_shadow_dark/Pink_crystal3.png,2200,5db20bd11b2ae4e15e5bc340592d417636097660f7227f58af652acdcd07da6e,binário,,leitura automatizada de bytes; não revisão manual integral
cristais1/Assets_texture_shadow_dark/Pink_crystal4.png,1756,8cb9e0b18753db7a56f25d537fc8f96c0d6c8935ffbd5e5af93bf2e4154d2b85,binário,,leitura automatizada de bytes; não revisão manual integral
cristais1/Assets_texture_shadow_dark/Red_crystal1.png,3001,1572f96ff65e4a1bdd096a0d94a0aadddf14c22079b0ac59424e7c2b219cca3d,binário,,leitura automatizada de bytes; não revisão manual integral
cristais1/Assets_texture_shadow_dark/Red_crystal2.png,2858,25ed08b2348b2256241cc8c66296570631c91668cf5e026529cc2273962690ef,binário,,leitura automatizada de bytes; não revisão manual integral
cristais1/Assets_texture_shadow_dark/Red_crystal3.png,2108,5a795de8fb5e39c6d14273937c1a98df6650c1e4613ea8b3a368fc04cf5c7570,binário,,leitura automatizada de bytes; não revisão manual integral
cristais1/Assets_texture_shadow_dark/Red_crystal4.png,1762,3778c94aa3ae4211b0c3f7fa6b4b4a3f5e57777f863ee85ad518a8498a864cb9,binário,,leitura automatizada de bytes; não revisão manual integral
cristais1/Assets_texture_shadow_dark/Violet_crystal1.png,3029,e4809993cf07bb6907244b56979125fc94c3e347ad25ea99775d90083528ed56,binário,,leitura automatizada de bytes; não revisão manual integral
cristais1/Assets_texture_shadow_dark/Violet_crystal2.png,2990,6c63c8578ca64ea7bb1377b5a9fc9e30fe15676627d5ad3f1eeb345f96b8c747,binário,,leitura automatizada de bytes; não revisão manual integral
cristais1/Assets_texture_shadow_dark/Violet_crystal3.png,2192,4460b970141a6b69d9ecee5d843089d4d4e00bbf5755aee04958aa8de26ede15,binário,,leitura automatizada de bytes; não revisão manual integral
cristais1/Assets_texture_shadow_dark/Violet_crystal4.png,1727,8574cfb84b8856d0144cb324d151fd00d2d4b6a32aec597f43de16449699a652,binário,,leitura automatizada de bytes; não revisão manual integral
cristais1/Assets_texture_shadow_dark/White_crystal1.png,3146,f8877a3b1ad020d3035ce7a250920fca505e44e9d9e4d2ce064240240f39f86a,binário,,leitura automatizada de bytes; não revisão manual integral
cristais1/Assets_texture_shadow_dark/White_crystal2.png,2900,10be7a8de9076b412cb7fbc40e398634f9ab2d2ad4a42c68eb5592e9fe4d4e87,binário,,leitura automatizada de bytes; não revisão manual integral
cristais1/Assets_texture_shadow_dark/White_crystal3.png,2061,b67fbf80d5106a9dc6abab88d8afd3d9ae3b4dcc59bf4d5f477db97766a85976,binário,,leitura automatizada de bytes; não revisão manual integral
cristais1/Assets_texture_shadow_dark/White_crystal4.png,1732,0a979d9da60b4e9a94d2af687560d1ee7af6d3f2c19124f68799af7c3bab0e81,binário,,leitura automatizada de bytes; não revisão manual integral
cristais1/Assets_texture_shadow_dark/Yellow-green_crystal1.png,2997,eeea4e58e2a2900bdd687bcd32511abf1eee31296647f2753d580c66c32f133f,binário,,leitura automatizada de bytes; não revisão manual integral
cristais1/Assets_texture_shadow_dark/Yellow-green_crystal2.png,2905,b4089b132bf3f5e22a5841a98c7fdf94a8ecd4c00d53968666a4ebbafbf1af49,binário,,leitura automatizada de bytes; não revisão manual integral
cristais1/Assets_texture_shadow_dark/Yellow-green_crystal3.png,2108,2082f1af60553a378ed918d65ba165719553cdac1e260d42d276f255afc3c0d6,binário,,leitura automatizada de bytes; não revisão manual integral
cristais1/Assets_texture_shadow_dark/Yellow-green_crystal4.png,1690,20c4d86273945527768b28d957cf72bd3018bda7d95701cab4f424ee15537e38,binário,,leitura automatizada de bytes; não revisão manual integral
cristais1/Assets_texture_shadow_dark/Yellow_crystal1.png,3498,e840601003b380056e15480a4522bdebced70a372fe18a69ae8cefd9f2f72cd6,binário,,leitura automatizada de bytes; não revisão manual integral
cristais1/Assets_texture_shadow_dark/Yellow_crystal2.png,3147,36b663073bdb7939588deedb5700549e449cd86394ba84fb4a0c84861d293dad,binário,,leitura automatizada de bytes; não revisão manual integral
cristais1/Assets_texture_shadow_dark/Yellow_crystal3.png,2161,1557b7f9be1238414fdc28b79ec3ac7df18a0ee96be9b9bfac128ebbf7d92854,binário,,leitura automatizada de bytes; não revisão manual integral
cristais1/Assets_texture_shadow_dark/Yellow_crystal4.png,1741,097bb56cf3de16fa3d06bfe1a67f54d7f06d586c93727241e8242db4ab3c7237,binário,,leitura automatizada de bytes; não revisão manual integral
fonte/kiwisoda/KiwiSoda.ttf,49292,cdd68272c443104d8f34abc7520a541cab5428431a7eaf553ff75b652498a252,binário,,leitura automatizada de bytes; não revisão manual integral
formigas/gen-1573e56b-2049-49a6-b04d-571d2167ba4c.png,22673,6b3aad8c3bd6949067356a0e7dbc1c42be068fc29dccaf8e7c5224e7bfd345f8,binário,,leitura automatizada de bytes; não revisão manual integral
formigas/gen-1e856e81-6689-4fac-ad52-cc38b9d8e3c7.png,22738,09f24af2122b9363e00430ae219433d57a0874456c1c85ee7b4dc7e9ad1f1419,binário,,leitura automatizada de bytes; não revisão manual integral
formigas/gen-31f4c985-4828-4f6b-b3ba-0a62d916e42f.png,23126,bc4a30a886395e0b81803d45482fb631c3efd2d48affe73a5ae87b6955dbf66c,binário,,leitura automatizada de bytes; não revisão manual integral
formigas/gen-474c2946-54af-4f66-8840-84bac5714930.png,40565,9bfcedc6bfa9b2f47f7d357096cef885ac1ef51d02c74f0b6187a30695cbe796,binário,,leitura automatizada de bytes; não revisão manual integral
formigas/gen-4d3ea505-a3ec-4de8-b7a9-dbd72d194464.png,30591,cebbe952b5c9c89867d53d44d9787039a2e1c1dfa076b66cea37c78a9309b53a,binário,,leitura automatizada de bytes; não revisão manual integral
formigas/gen-56160a10-922e-4c41-b97e-781930b8ecdc.png,78003,7e03ccd87d4169bc34f61bf14933e6f46b1e01734fa7699ae7097903c24f9867,binário,,leitura automatizada de bytes; não revisão manual integral
formigas/gen-56df2381-ab9e-4c70-b7de-5beef7e37bd2.png,81289,7cb30413090595ad523f3fafdfa406ff1550b137526ca57437c8e66983901b74,binário,,leitura automatizada de bytes; não revisão manual integral
formigas/gen-686ee82a-5469-4aa3-86c7-37a4cf797843.png,35185,c67a47944209fa8d6a7781b71703490e0f0f069b40fb6f8dd5a8ac9b7e71b87f,binário,,leitura automatizada de bytes; não revisão manual integral
formigas/gen-6a5cd3cd-5ec4-4ce8-be03-1292d3529de8.png,48001,56dbdfef51f1decbe7c9e150d435ec8e03cd408c031f230723796dd8e62e8190,binário,,leitura automatizada de bytes; não revisão manual integral
formigas/gen-70743d19-eeb2-4027-b93a-8c3ec1f599a7.png,34334,f1f0fcb54ef2db5089704ffe44081116b759406060f979a83e7a6c9218e86a1a,binário,,leitura automatizada de bytes; não revisão manual integral
formigas/gen-78c7edb1-d4b6-4343-a2e9-834e7a8bd66c.png,58793,004b60abbe48e37f74634a0cd75b3329409e47a975ccfa0704c1f8c3c541b314,binário,,leitura automatizada de bytes; não revisão manual integral
formigas/gen-7f8b03fe-33a9-497b-90ed-24790d91b4f3.png,21231,9b5cc7e1aa26984743a3dc8bf8ee95c658f6ec4ce4336c084dd64463bcb78940,binário,,leitura automatizada de bytes; não revisão manual integral
formigas/gen-97317c6f-2b43-4407-95a2-0d0218632193.png,27571,6fb710cedc04259ec14af4dcfa614d5199c0786141e013a659b1e50ebd36cd68,binário,,leitura automatizada de bytes; não revisão manual integral
formigas/gen-c311ca65-a5e0-48c5-8c5d-d7f3838e6d51.png,31711,917728b72802a1bb0e98048eff325a6eb68284b230f0bcc85f9db1fb5c1cbc0a,binário,,leitura automatizada de bytes; não revisão manual integral
formigas/gen-e426d0d4-f2a3-4f55-b5a6-8ea2332f92e7.png,32107,d757a9966708882bf04fcc1d492ed43d9c6122359d3310a1c5bcb8e11907b968,binário,,leitura automatizada de bytes; não revisão manual integral
formigas/gen-f0b8f676-2347-4149-8649-a865599db323.png,27022,c1a08c0ce76fbab6e089c912ef646cc5a1a7b7e6f6caecd3432bd53687403ae2,binário,,leitura automatizada de bytes; não revisão manual integral
formigas/rework-acrobata.png,212758,24624b50233c0b18e7856a92b03723761641c89edff6837f18ad8e93417d5818,binário,,leitura automatizada de bytes; não revisão manual integral
formigas/rework-arpao.png,244946,473301ef6027922f2c096126fcd1855b650e12007925b519d71c6908a591346a,binário,,leitura automatizada de bytes; não revisão manual integral
formigas/rework-bala.png,231366,a367d6fff2b645f74724fb2b5d3d35be8ab34e210de1f6d3194f61fe5ba04b86,binário,,leitura automatizada de bytes; não revisão manual integral
formigas/rework-cefalote.png,972180,e118eaffeb1b919f95c79e7355b84dd45f6c59f25c8c471967aa1f271d551651,binário,,leitura automatizada de bytes; não revisão manual integral
formigas/rework-cortadeira.png,603068,e051cb9a73649294be921e76c73800aca0f09f19a4d353aa45604c4643ee0914,binário,,leitura automatizada de bytes; não revisão manual integral
formigas/rework-fogo.png,618177,aace419cf96c237df74576fff08f0db61fc8cd3159cc3b3014e022ed3bb74a80,binário,,leitura automatizada de bytes; não revisão manual integral
formigas/rework-matabele.png,150138,6ed891518e29e24c59af8869c6e1f5a33401ebb8263e93cc87c570569ee420cb,binário,,leitura automatizada de bytes; não revisão manual integral
formigas/rework-mel.png,729813,64524f8032a72ec0f6f8e3694b8828111fa2cd764dc944c93fd7d0d627a1b8e8,binário,,leitura automatizada de bytes; não revisão manual integral
formigas/rework-prata.png,272186,e2951b3ae9d99b82063e7a48ca0c8062855b775d4aac5337cce46231081a4541,binário,,leitura automatizada de bytes; não revisão manual integral
formigas/rework-rainha.png,628420,6e86b22017eef73e315ac0d7a0f88b21be06da08776454a01e35b2c6ac12fc89,binário,,leitura automatizada de bytes; não revisão manual integral
formigas/rework-tecela.png,593151,dec21ca51da36c6d1224b7eb8caba3ed39ffabd9753ad31e37b3c68278233698,binário,,leitura automatizada de bytes; não revisão manual integral
game/README.md,25492,bed9092bf826cb6d508b3a6d583ce7e9f136790976f65586eda03e5387710bba,texto UTF-8,400,leitura automatizada de bytes; não revisão manual integral
game/assets/cutscenes/noite_branca/panel1/0_sky.png,85396,1e6010a8e3881590d9b8a8940d4f0d76191dabba0eadcb69de03f70b1329299a,binário,,leitura automatizada de bytes; não revisão manual integral
game/assets/cutscenes/noite_branca/panel1/2_mid.png,68584,e3ae22d2f9e57298eb096e124bf5a1b42f0a6031ece54db693864937ef1cd14d,binário,,leitura automatizada de bytes; não revisão manual integral
game/assets/cutscenes/noite_branca/panel1/4_foreground.png,77310,2f20c12b5bf2f7e82ac51d265be2e29c43e652bb3d0539848c9f2c6e7d500ecd,binário,,leitura automatizada de bytes; não revisão manual integral
game/assets/cutscenes/noite_branca/panel1/5_particles.png,29267,60cdda789d2d1403f466a0e3d718dac02e43da0bfd37654cd7014e9aeab5d03b,binário,,leitura automatizada de bytes; não revisão manual integral
game/assets/cutscenes/noite_branca/panel2_conflito/0_sky.png,72124,0481a26e9f470bb4e36acca7a5ccb4b15c63ad6facb291ce489ab16ee20ad113,binário,,leitura automatizada de bytes; não revisão manual integral
game/assets/cutscenes/noite_branca/panel2_conflito/1_distant.png,56097,101a2ad8b629f6eb1b63535453a16a86d860f61b6ffab170971d7a907e779922,binário,,leitura automatizada de bytes; não revisão manual integral
game/assets/cutscenes/noite_branca/panel2_conflito/2_mid.png,99059,fb2c00cb73fbdf15b2359ea62518fafbde4d207b662181ad8d01e36e6d96934a,binário,,leitura automatizada de bytes; não revisão manual integral
game/assets/cutscenes/noite_branca/panel2_conflito/4_foreground.png,49426,b83ee7a3e66eab283e174bc32010e5b4d51fb2963422421b73be9b640d7b01ba,binário,,leitura automatizada de bytes; não revisão manual integral
game/assets/cutscenes/noite_branca/panel3_gancho/0_sky.png,85763,47c513311d385984de65b053da4d294962449e110419fea61642e5c4d22cae33,binário,,leitura automatizada de bytes; não revisão manual integral
game/assets/cutscenes/noite_branca/panel3_gancho/2_mid.png,21156,19d705a8f026a27f7fae555d7fd78e7fa9cbd9ccf93e1001a7840a112aebf5c5,binário,,leitura automatizada de bytes; não revisão manual integral
game/assets/cutscenes/noite_branca/panel3_gancho/4_foreground.png,24085,4d29bb37a18d0c7f43e246456b046a343bcc2c92e8559293accdb2e4ca5652a9,binário,,leitura automatizada de bytes; não revisão manual integral
game/assets/cutscenes/noite_branca/panel3_gancho/5_particles.png,3600,2fd5d50d9ab049294f92cd9d3198611b77e0e563ceebee1a2ec6fd39c70f8a4e,binário,,leitura automatizada de bytes; não revisão manual integral
game/assets/font/KiwiSoda.ttf,49292,cdd68272c443104d8f34abc7520a541cab5428431a7eaf553ff75b652498a252,binário,,leitura automatizada de bytes; não revisão manual integral
game/assets/loading/loading_floresta.png,1777165,cf9bf3de90199d81fb163960a112cb185a8f34139193993b8cedee12c136e487,binário,,leitura automatizada de bytes; não revisão manual integral
game/assets/loading/loading_planicie.png,7533004,78196108c8d7cf15141904e991bd09c67e90270188d63c1170e731dac1a0c911,binário,,leitura automatizada de bytes; não revisão manual integral
game/assets/parallax/menu/layer1_foreground_vines.png,426677,9b80dc8742a3fd7bb4235c4432dfaccb7b3976dfe140ba5a54d5977476c84df6,binário,,leitura automatizada de bytes; não revisão manual integral
game/assets/parallax/menu/layer2_main_grass_ruins_anthill.png,1018788,ab6c87c1e4f3e958ef18bf23107160c209f84b59465fbdcad0d8197c77331659,binário,,leitura automatizada de bytes; não revisão manual integral
game/assets/parallax/menu/layer3_mountains_silhouette.png,420365,bab6d50a1eb125d1b5cbdff01bdffbf8eec0bc08c38877be50baef35438f8c2d,binário,,leitura automatizada de bytes; não revisão manual integral
game/assets/parallax/menu/layer4_sky_sunset_moon.png,969311,1ba5cb952dddbdfa1595698b1406b29e5da11e0a3d6a455ba91ba10b33cfbcc7,binário,,leitura automatizada de bytes; não revisão manual integral
game/assets/sprites/animals/boar_attack.png,3933,363a4ea8d614a13e2460dddd26e5e2d4fa51f59fe234632c02f02cfc17fe0e3a,binário,,leitura automatizada de bytes; não revisão manual integral
game/assets/sprites/animals/boar_death.png,4455,d97b10b3f86898568f47088e101b066ac6e0a89b4f0c0ced2a1ce6d8cedc5e15,binário,,leitura automatizada de bytes; não revisão manual integral
game/assets/sprites/animals/boar_hurt.png,3249,e50b06ee5101a7ac92a5bf96b7885a7277f38ceda66930a059f8f2a2892f3fd7,binário,,leitura automatizada de bytes; não revisão manual integral
game/assets/sprites/animals/boar_idle.png,2010,da86902c691ab6df91d0b576f148ee2eb93244e27f3bf2d3213a04a0af48ff25,binário,,leitura automatizada de bytes; não revisão manual integral
game/assets/sprites/animals/boar_run.png,3436,ee729ad2f3c9e19e653e104e9219ef3b2f07c336c9913b02c1e487e2024762e5,binário,,leitura automatizada de bytes; não revisão manual integral
game/assets/sprites/animals/boar_walk.png,3204,d2326c5aab1a542d7ad5e51f6587ed84e3c2a4ee06bf67bedad57342bf025d9b,binário,,leitura automatizada de bytes; não revisão manual integral
game/assets/sprites/animals/deer_death.png,4914,13b1415d4d615398641bf24fb238eb0386b716d448606489a0c3323fd3272b32,binário,,leitura automatizada de bytes; não revisão manual integral
game/assets/sprites/animals/deer_hurt.png,3266,169c0b3d1ebaadc5472a8974b55dd78328a0cfa2b5d3c48b267f464ecbcb3eaa,binário,,leitura automatizada de bytes; não revisão manual integral
game/assets/sprites/animals/deer_idle.png,2096,4f2f2667ee2e16425f2812ccc3bd5d874649c74caf307b39829b5a0d5e2d7bc8,binário,,leitura automatizada de bytes; não revisão manual integral
game/assets/sprites/animals/deer_run.png,4175,4b2c228da0455acbf47cb26b12492e9ffb005d061ec83a6f779cb01e55f9d649,binário,,leitura automatizada de bytes; não revisão manual integral
game/assets/sprites/animals/deer_walk.png,3317,5657889ae2a9b04f1c808b08da68879aefa00e60fd06ad01cbdb3f39acd7f1e5,binário,,leitura automatizada de bytes; não revisão manual integral
game/assets/sprites/animals/fox_death.png,4454,8b21ab0a6087ac6aa4fe59fdd290eedb6948bf2c000aaff1e63ccd1fa9ce0703,binário,,leitura automatizada de bytes; não revisão manual integral
game/assets/sprites/animals/fox_hurt.png,3443,a76df5c6cd20c1804637d3def1cab501a7e062f091e628969e450f95879c7695,binário,,leitura automatizada de bytes; não revisão manual integral
game/assets/sprites/animals/fox_idle.png,2277,aabc17aca493822aff87fa3831dab5bff7a4ad0de52c9659c88a6be5e5dce630,binário,,leitura automatizada de bytes; não revisão manual integral
game/assets/sprites/animals/fox_run.png,3912,c515f0d4223d162853d48597bd2a1dd9189b41005b539ed858310ef43416816b,binário,,leitura automatizada de bytes; não revisão manual integral
game/assets/sprites/animals/fox_walk.png,3856,224bd7384fea03270b0187be1c8f3f6861be0634a3b49b3caa61a894f644d77c,binário,,leitura automatizada de bytes; não revisão manual integral
game/assets/sprites/animals/grouse_death.png,4892,21a69c0e9a0acbc4dc7d358a36d81d972da2c3e2a0f767e6fdc8de4d32be9068,binário,,leitura automatizada de bytes; não revisão manual integral
game/assets/sprites/animals/grouse_flight.png,5523,8a99d89f3bea6c7b19c56c3c99736748ffc33b81c03d607cdce13beb36480713,binário,,leitura automatizada de bytes; não revisão manual integral
game/assets/sprites/animals/grouse_hurt.png,3371,fd68526e5506bbc1b55449ff1d40cd53b57c0465fa335853fa55b323a933e680,binário,,leitura automatizada de bytes; não revisão manual integral
game/assets/sprites/animals/grouse_idle.png,2628,8705e406ddc3f8e7abd0920e9065c467884cf8257c751fdef29fc5db97b53dd8,binário,,leitura automatizada de bytes; não revisão manual integral
game/assets/sprites/animals/grouse_walk.png,3656,df92912b42c18b3df28f055d55ff090630a10f84acd2b12ed7a95ddb9f6e4cfa,binário,,leitura automatizada de bytes; não revisão manual integral
game/assets/sprites/animals/hare_death.png,3866,fdf8ee490d56fe0180fa307e07a8c8c52e014d11fb1a23fd050c00d2f9d2b2d9,binário,,leitura automatizada de bytes; não revisão manual integral
game/assets/sprites/animals/hare_hurt.png,2695,417c98bfd3d20cda041483c3310b7a2b0358c9147ed7d830f84ab01b2a1e87b7,binário,,leitura automatizada de bytes; não revisão manual integral
game/assets/sprites/animals/hare_idle.png,1973,ba502892a956c4efc44e017840edb8ccb21df59c29a2b8810277ccce1d9ae624,binário,,leitura automatizada de bytes; não revisão manual integral
game/assets/sprites/animals/hare_run.png,3878,6928ea03edd0cbf82ddb810ba698fe7d7a2a15bc76b5e31187c5f2be78f351cd,binário,,leitura automatizada de bytes; não revisão manual integral
game/assets/sprites/animals/hare_walk.png,3015,cd51372519a0315201a454a6883507a96a01ce45369ba0dccc7a001a24f57774,binário,,leitura automatizada de bytes; não revisão manual integral
game/assets/sprites/ants/bomber.png,2569,9da14aea601fca889a1b0deace3301102acc6cd03682fec7b9615c1844ea7064,binário,,leitura automatizada de bytes; não revisão manual integral
game/assets/sprites/ants/e_matron.png,3345,5a3affc93630c760efd98cb369584a2e75b8ad5f6b90cdba66c3e4bd7819cbf7,binário,,leitura automatizada de bytes; não revisão manual integral
game/assets/sprites/ants/e_reaper.png,2036,5019be8c59368dc77c38c8b19707d101cc8561196f825567a5f8016c2308eb39,binário,,leitura automatizada de bytes; não revisão manual integral
game/assets/sprites/ants/e_runner.png,1264,e4f9c3211ef12770950bfb939783c55438f68458ab76f385144bc620074f7b57,binário,,leitura automatizada de bytes; não revisão manual integral
game/assets/sprites/ants/e_sentinel.png,4389,97cf1e93bdb4523696dde8a5bdf358b0d198da0c30d66cf29bfba7ec7f21291d,binário,,leitura automatizada de bytes; não revisão manual integral
game/assets/sprites/ants/e_spitter.png,2770,8cf8809e5c6b90fd5e49cae9ab220e04ca86c607eebd0c691466a0f531e95f65,binário,,leitura automatizada de bytes; não revisão manual integral
game/assets/sprites/ants/e_swarm.png,1630,68604b81c96be1bd89404f91fc1e1bfce3cf1a136659f667b570d9ce9077b153,binário,,leitura automatizada de bytes; não revisão manual integral
game/assets/sprites/ants/e_warrior.png,2491,fbb6333dc834a662870b5b0db57ed543ff348a9dc4f4c7a176e10897aad81711,binário,,leitura automatizada de bytes; não revisão manual integral
game/assets/sprites/ants/gatherer.png,1778,0ffe7fe0373e040bd918de8e7e7ceb04f49fd0fd892047520cac2b2de23c2e00,binário,,leitura automatizada de bytes; não revisão manual integral
game/assets/sprites/ants/healer.png,958,b533e9e570e6ffe39abf7b87ec2ced50560ad1cc3935c4f7dfe6782cd81fa6a1,binário,,leitura automatizada de bytes; não revisão manual integral
game/assets/sprites/ants/queen.png,14150,6327a9dbffbfe0de98c93c9a2ccc52a7e33c786411f91e0161bbaefbf26e69c1,binário,,leitura automatizada de bytes; não revisão manual integral
game/assets/sprites/ants/scout.png,912,f91b47c8dc92e85a76f702ae4c66b33bafc8a04abbd636e65b7051489f1a5e48,binário,,leitura automatizada de bytes; não revisão manual integral
game/assets/sprites/ants/soldier.png,2043,5cca7d389c0682cfdb0e6e2a78c552f59827500eea78ce9942c651ba3a76bb68,binário,,leitura automatizada de bytes; não revisão manual integral
game/assets/sprites/ants/spitter.png,1851,7a05acf3d3c4065a15311ec3da573daa3c1e27314e883071fe1f5698c758d638,binário,,leitura automatizada de bytes; não revisão manual integral
game/assets/sprites/ants/tank.png,3724,0d471c22da7b275d233bf7e630c9d09e0d511a0b98398ea9b74bd2dac5f2587b,binário,,leitura automatizada de bytes; não revisão manual integral
game/assets/sprites/ants/trapjaw.png,1908,032f73c18bdd787f3ea008b7ef747c3fde2f55606dd3031696c8d09e3452073f,binário,,leitura automatizada de bytes; não revisão manual integral
game/assets/sprites/ants/weaver.png,1184,9584bb64d290a9962b3fb275528697f1aa8ed6b41be21441aa604aff85e7f9b2,binário,,leitura automatizada de bytes; não revisão manual integral
game/assets/sprites/ants/worker.png,1312,23068200322d12425eb53fb9ae6dc03fd80b2d640d8658293d20d5e0b0f9226c,binário,,leitura automatizada de bytes; não revisão manual integral
game/assets/sprites/fx/fog_mantle.png,3787,ceca0d42b96838dc0636e10b6eca7c0695951c5fdc806b17356bb007d2b803b8,binário,,leitura automatizada de bytes; não revisão manual integral
game/assets/sprites/icons/bolt.png,1106,05d3f72ab4ab41c9929ddea482ebff525fe5ccac52112c335100e70163ba8ed0,binário,,leitura automatizada de bytes; não revisão manual integral
game/assets/sprites/icons/clover.png,1202,9fbec72208ffb78d6b8808c4ee460593a7e12f46aea5480153fccf4281a37631,binário,,leitura automatizada de bytes; não revisão manual integral
game/assets/sprites/icons/crown.png,1206,605501964f741e0fe073fa18d5dc8c5310587e4ef3a66fceeaa16972702b4dc5,binário,,leitura automatizada de bytes; não revisão manual integral
game/assets/sprites/icons/egg.png,1162,9584150f4440d87cf864c36ff3ed97ff5def2939e92f71e67754a3edebb0e4a0,binário,,leitura automatizada de bytes; não revisão manual integral
game/assets/sprites/icons/ember.png,1347,1463aa110ea46e39aec87d793597563074a91fca17c23379076112a2028c0241,binário,,leitura automatizada de bytes; não revisão manual integral
game/assets/sprites/icons/essence.png,1271,3d8aa8be687391bdd4c73813c190b1803cf12de7b124ef877c8b7a529b7a3906,binário,,leitura automatizada de bytes; não revisão manual integral
game/assets/sprites/icons/fire_sword.png,1209,86ba5d6dc8b204f51dde4c1035e4ba86fe55c5eb8086dc2110c35f496de8a60d,binário,,leitura automatizada de bytes; não revisão manual integral
game/assets/sprites/icons/fist.png,1172,76fd6323247bc3237f99909d54dcedfbc1287d3c1e63a5dc30655030f75363f5,binário,,leitura automatizada de bytes; não revisão manual integral
game/assets/sprites/icons/food.png,1304,fb556282a714681b3c13394174a8ff872c56ecc380263f0f503b130985ff622e,binário,,leitura automatizada de bytes; não revisão manual integral
game/assets/sprites/icons/fungo.png,1255,9e7aba6383f24875b579c755c6e884de9d8e9a5601c78601103b38ee211bc55e,binário,,leitura automatizada de bytes; não revisão manual integral
game/assets/sprites/icons/heal.png,1257,996e17d4f30407a827a28059ea7523f4d316ab1e487d38afe6b1e203747c4ec0,binário,,leitura automatizada de bytes; não revisão manual integral
game/assets/sprites/icons/horseshoe.png,1120,4197d8d689784b99a9568933281433cfc0f8d11f6fd572de49cd459473ddfb85,binário,,leitura automatizada de bytes; não revisão manual integral
game/assets/sprites/icons/hourglass.png,1150,12f296b41dc8f29ec5c5eba91c22d8fbc1cc3b3811a6560c4775dcc52a20f37c,binário,,leitura automatizada de bytes; não revisão manual integral
game/assets/sprites/icons/lock.png,1209,5cc018e9c7cf1684cf01bd58e637273e5fdb3b6b3037d16d1875ba1f7eec2930,binário,,leitura automatizada de bytes; não revisão manual integral
game/assets/sprites/icons/potion.png,1434,48df59b2e35efc8c97265081d5b24c0e311a2f1157665b410dfa9a42c852f55f,binário,,leitura automatizada de bytes; não revisão manual integral
game/assets/sprites/icons/scale.png,1115,fc01c17cbaa849b1bb15034bd5c5e66277d0c495fa61176e90e2410a29d26f6c,binário,,leitura automatizada de bytes; não revisão manual integral
game/assets/sprites/icons/shield.png,1257,b9135e848900843e05a1e7c4b63f82e57cdb59524b0a0caa36fef7d0a2e3c640,binário,,leitura automatizada de bytes; não revisão manual integral
game/assets/sprites/icons/sk_acid.png,1246,f76be2b8fcd53606d5c09b502b01877ea66e4ffba5aed82d4dacb10f900468ee,binário,,leitura automatizada de bytes; não revisão manual integral
game/assets/sprites/icons/sk_banner.png,1246,d46fc041f8847584aad69c75913b7eae011e43e3db2a02d59b335b68d1153622,binário,,leitura automatizada de bytes; não revisão manual integral
game/assets/sprites/icons/sk_bomb.png,1254,a495dae60ebc09a65a09e11ed0361f4aabe72f5f45599b463c0bbf68eb94d533,binário,,leitura automatizada de bytes; não revisão manual integral
game/assets/sprites/icons/sk_frost.png,1184,5b1c9d05544c85e3385f1448c44fa90065e07145e22a5c6de92e8a138375fabd,binário,,leitura automatizada de bytes; não revisão manual integral
game/assets/sprites/icons/sk_fury.png,1242,3c75f92c880145d07a73554db9b08e9683305dec894fdbd86158601efa729474,binário,,leitura automatizada de bytes; não revisão manual integral
game/assets/sprites/icons/sk_heart.png,1234,0a1cde7a557c2af49bae7fb782f103b0e3dd17e3e03b6d8e5191aaab64f2af2d,binário,,leitura automatizada de bytes; não revisão manual integral
game/assets/sprites/icons/sk_rico.png,1270,066fafc4f072dda60bf73d637fe0c7d6e62303af59f4a9f282289b478631203b,binário,,leitura automatizada de bytes; não revisão manual integral
game/assets/sprites/icons/sk_slash.png,1190,087e709f986365f20185f9655c9351ee747fb75f13f2f7e30dc1d3a4cc0cfe06,binário,,leitura automatizada de bytes; não revisão manual integral
game/assets/sprites/icons/sk_time.png,1306,714e944a4dbf0828ab3c0e001a1e57f0927b60522fe860e1144bf1355b4e9229,binário,,leitura automatizada de bytes; não revisão manual integral
game/assets/sprites/icons/sk_tornado.png,1208,5b047b4fea165d8f0866a66e153123c93c59989da3fb6d84d95753ade425b0b5,binário,,leitura automatizada de bytes; não revisão manual integral
game/assets/sprites/icons/snow.png,1235,1323019b48b7763954daba3472b39e71c0c021d52e246071aebc199c36132b97,binário,,leitura automatizada de bytes; não revisão manual integral
game/assets/sprites/icons/spider.png,1186,5f564ccf07f8c77cc50c016a5bef2743be97a7efed01638458f01f9d21497693,binário,,leitura automatizada de bytes; não revisão manual integral
game/assets/sprites/icons/spider_gold.png,1352,d71cbbbc1b7259b60fd93aa7abc6aecf00545635b7e909d64b75dbfff4b1af6e,binário,,leitura automatizada de bytes; não revisão manual integral
game/assets/sprites/icons/sun.png,1193,363a7b09beb8a4a9aaae6284292fe83c34728e65aa8c7eab2aeaef22fc7d4bd3,binário,,leitura automatizada de bytes; não revisão manual integral
game/assets/sprites/icons/wing_gem.png,1113,c938ca1f02b1b53a06c33eb3d14eebc9ab7b7ceed47a9c41cd68a7291bba500d,binário,,leitura automatizada de bytes; não revisão manual integral
game/assets/sprites/props/bush_autumn1.png,810,0c134c22237612bd137cc8eaec270518eeb4ab0e9cd231254a0c913638870fa3,binário,,leitura automatizada de bytes; não revisão manual integral
game/assets/sprites/props/bush_autumn2.png,620,38820572ac8e684433c7f1e4f20f6a342e7eac22e1f24e34f7bbfec3d0a277aa,binário,,leitura automatizada de bytes; não revisão manual integral
game/assets/sprites/props/bush_autumn3.png,478,3b47f0ba8522060bf015111f55f283af56e0b079553ea37fa2c8182d901deb7d,binário,,leitura automatizada de bytes; não revisão manual integral
game/assets/sprites/props/bush_blue1.png,855,7b87b9a0917dabf2fe7e0ff3eddd9731df8bfde25a56970c43591e7cfbe5b1d7,binário,,leitura automatizada de bytes; não revisão manual integral
game/assets/sprites/props/bush_blue2.png,665,4751ba56a5ec7c0873d44ef5567c26f02c71abd0a932e42d0a850089628984a7,binário,,leitura automatizada de bytes; não revisão manual integral
game/assets/sprites/props/bush_burned1.png,569,db4f2e87c2f6129988a8f6442d09fc4e389c41b3d55ef3d1e43053acb9419805,binário,,leitura automatizada de bytes; não revisão manual integral
game/assets/sprites/props/bush_orange1.png,787,b673328d09ca93b0ddd95229ebb2de20f5cc95fda05835ec946bfa2501e17e73,binário,,leitura automatizada de bytes; não revisão manual integral
game/assets/sprites/props/bush_orange2.png,624,c16a3e62b528ad3d38918d0779ab93d045f32228cd01dd511d2ea510e3bc9262,binário,,leitura automatizada de bytes; não revisão manual integral
game/assets/sprites/props/bush_pink1.png,638,df2c7c7c4f57850e908b2c11f590482bc9cddf23ce4da7360d8f205eab1b0fc3,binário,,leitura automatizada de bytes; não revisão manual integral
game/assets/sprites/props/bush_plain1.png,602,c15a501e33f52b90e69f2271a78c65ae89c566014ac89617b184da1bc24adf5e,binário,,leitura automatizada de bytes; não revisão manual integral
game/assets/sprites/props/bush_plain2.png,507,aad34becc1d693de707cbcccf3551aa034c190ae03e09fb78a69d799a6da0be4,binário,,leitura automatizada de bytes; não revisão manual integral
game/assets/sprites/props/bush_red1.png,843,afa5996b5fae621ed63e26e8a5554e8286d06129b6c1bca90c571e3288e80915,binário,,leitura automatizada de bytes; não revisão manual integral
game/assets/sprites/props/bush_snow1.png,780,7f1011cf71c749d0608b40748071a6b7c297efdf688f2c7415e2f758e9ecd2cf,binário,,leitura automatizada de bytes; não revisão manual integral
game/assets/sprites/props/bush_snow2.png,565,5d2fdd1c87a25b14ff071ccbbe22b6382309321fe238b10d751eb04f22d3112a,binário,,leitura automatizada de bytes; não revisão manual integral
game/assets/sprites/props/bush_snow3.png,447,c3821db6bc49acc9a9e5ec2f72d1aaa3e872ae1d80ec7ba6628d4c764143875a,binário,,leitura automatizada de bytes; não revisão manual integral
game/assets/sprites/props/cactus1.png,563,6c75c5843098a7da8dde1d95f4d5411621c9ecb976ce9cf3674e2818cc2e8dea,binário,,leitura automatizada de bytes; não revisão manual integral
game/assets/sprites/props/cactus2.png,497,766b5c301c100bb72999e13593a5e6e49038882f1132d2b5ef211ee356eb2747,binário,,leitura automatizada de bytes; não revisão manual integral
game/assets/sprites/props/cactus3.png,606,25195acf3dcb0d6404c4476d828c4e8a81a4133bd3a4d26903e2ad88e6002a36,binário,,leitura automatizada de bytes; não revisão manual integral
game/assets/sprites/props/crys_blue1.png,845,61b1063db8ca09f6bd2cf8a61df5b8a2a0180289fe0631212f94f9c785084597,binário,,leitura automatizada de bytes; não revisão manual integral
game/assets/sprites/props/crys_blue2.png,652,5f1942a0d536cc66088ddac8a483d976f38748038955c02408b25d7bc144dacf,binário,,leitura automatizada de bytes; não revisão manual integral
game/assets/sprites/props/crys_green1.png,796,30e22d16ffeced729bff1fa1051946c921179610aa12b24c158ac6fac071385f,binário,,leitura automatizada de bytes; não revisão manual integral
game/assets/sprites/props/crys_red1.png,887,6295df4cc0ffedb744a1352253c312ec00c353ba0e038668755982597245e980,binário,,leitura automatizada de bytes; não revisão manual integral
game/assets/sprites/props/crys_violet1.png,882,8712a54a5371b7915c9f1b865ee269695b10458d34c7b5c86b221e8640beb099,binário,,leitura automatizada de bytes; não revisão manual integral
game/assets/sprites/props/crys_white1.png,884,3d30df5615f95f9aac6b1e56569d991a5df9a2d9e4a52d446643c2ffd2d8e694,binário,,leitura automatizada de bytes; não revisão manual integral
game/assets/sprites/props/crys_yellow1.png,1068,1ec2cf09e94e75e3a9951db4917917f01ecc4a4a3e83b907496ccbba88e5240e,binário,,leitura automatizada de bytes; não revisão manual integral
game/assets/sprites/props/fern1.png,747,cd3b62fc221bbef656620eb3dbd37c54347fea00484c406bdafe0cb4cdb9b1ea,binário,,leitura automatizada de bytes; não revisão manual integral
game/assets/sprites/props/fern2.png,536,f324ac1988bfe8391c7321ddf723f782668c9ab0551e08cc407d7bc37857e5c5,binário,,leitura automatizada de bytes; não revisão manual integral
game/assets/sprites/props/mound.png,13989,e0d8a5362c08e1f4e8b283a4d637e3f4d91e0492074f4159e687d69a5e759935,binário,,leitura automatizada de bytes; não revisão manual integral
game/assets/sprites/props/nest.png,10759,5b30f3dd9f97719e39314339d3f09f077ad685fad2cdda4156399dade7e63d3c,binário,,leitura automatizada de bytes; não revisão manual integral
game/assets/sprites/props/nest_d1.png,10878,8b8fa93e5e3273f0af34e0aa32b1ec2a6ea15c49a955f28beca2e8ae4aa47c9d,binário,,leitura automatizada de bytes; não revisão manual integral
game/assets/sprites/props/nest_d2.png,11351,8ff80ef3790e3618adbdaed33a95e3390884882c62c40f7d9dd2a90aef63bf03,binário,,leitura automatizada de bytes; não revisão manual integral
game/assets/sprites/props/rock_a.png,1048,c38330693e377b2f882dc16b905da8a6a22b3b8ef7ee40211a30073ea7802597,binário,,leitura automatizada de bytes; não revisão manual integral
game/assets/sprites/props/rock_b.png,780,48b5918d7d73c211b3ec1ada99551eec99b31fe0dde9f0c107f9919295768b13,binário,,leitura automatizada de bytes; não revisão manual integral
game/assets/sprites/props/rock_c.png,924,20031233e5270cff527ed8bc9ac9929c9f3e1fd130d4bf0df416b74b983c2c03,binário,,leitura automatizada de bytes; não revisão manual integral
game/assets/sprites/props/rock_d.png,464,9e8195e2393e2fe7a70143a010b57ddfffa0bc93c8e12883f446d8ae07afea38,binário,,leitura automatizada de bytes; não revisão manual integral
game/assets/sprites/props/rock_e.png,775,8d6413098df750c6d60e89aeea82996cbc1448c032cee14846ca6e3949e97fb2,binário,,leitura automatizada de bytes; não revisão manual integral
game/assets/sprites/props/tree1.png,1612,d9af02620ef6e98ebf42a003b821a4676093b1e02f0460397545dff329fc3c01,binário,,leitura automatizada de bytes; não revisão manual integral
game/assets/sprites/props/tree2.png,1259,ea297c7c49455d3ea3d0521dd3b387515f34c7166d8b62d7d70dcf1ef531ef96,binário,,leitura automatizada de bytes; não revisão manual integral
game/assets/sprites/props/tree3.png,904,2d1da916e4f1f39db30ee2b7485dc7b168c72d91d513a32efdf8ede366cfae24,binário,,leitura automatizada de bytes; não revisão manual integral
game/assets/sprites/props/tree_autumn1.png,2493,06086e6e36b05eecb075a5fa2b17a894678eccb5d67eea6dd5e51e9e3bd49f91,binário,,leitura automatizada de bytes; não revisão manual integral
game/assets/sprites/props/tree_autumn2.png,1839,8cbb3d67cfb24c2b0f93e9cc404cafb1ab454d4215a3a9d442d161a212037d34,binário,,leitura automatizada de bytes; não revisão manual integral
game/assets/sprites/props/tree_broken1.png,568,24f5ebc84c07f3ade5fe10d4176cd307a841aa9a5c6123a458b3f0d34fabc633,binário,,leitura automatizada de bytes; não revisão manual integral
game/assets/sprites/props/tree_broken2.png,585,c276072913a77a844461b0829e0a091a561c982f890f68d4a29ef4f13ebb8f1b,binário,,leitura automatizada de bytes; não revisão manual integral
game/assets/sprites/props/tree_burned1.png,1447,182d29da7e4c076b5a238ad9f38f4b213d411cf08b3990563164cbf4b7cbe8e1,binário,,leitura automatizada de bytes; não revisão manual integral
game/assets/sprites/props/tree_burned2.png,1105,9530dba94435c3d2cdba90dfc0d22429e60fa173f1dbe505920e86f5d06b6cc0,binário,,leitura automatizada de bytes; não revisão manual integral
game/assets/sprites/props/tree_flower1.png,1592,2da1066d0e71b33d74ecfbe8c75f7d89cffb3c3bb4dbfe93c78cbca23e57bbe3,binário,,leitura automatizada de bytes; não revisão manual integral
game/assets/sprites/props/tree_fruit1.png,1697,d6a3e251b398bf44318eb77af3250bd7e4d7757d90126904c8cd914fc38d7b1f,binário,,leitura automatizada de bytes; não revisão manual integral
game/assets/sprites/props/tree_fruit2.png,1433,c960e91f507a072e9746b2af223dd452e6e812cb40fad6fa80308a56a01bd320,binário,,leitura automatizada de bytes; não revisão manual integral
game/assets/sprites/props/tree_moss1.png,1849,f4f2653d4a653b6927d610241a0e35d01b2f44b83ffc7d297d518b9ab07af097,binário,,leitura automatizada de bytes; não revisão manual integral
game/assets/sprites/props/tree_moss2.png,1382,b9d4d17994f50423096b7eb551046e33ce489e35f8e99d18438e92e145f8b3af,binário,,leitura automatizada de bytes; não revisão manual integral
game/assets/sprites/props/tree_palm1.png,1344,caca88a9e90e28612ec78bcde53c16ae3b03247970b13be469926ac14860ccd9,binário,,leitura automatizada de bytes; não revisão manual integral
game/assets/sprites/props/tree_palm2.png,1518,576c0c39b4ef86ed835545339bb43ea665c0e5fea06c8702bff4bf1688acec6d,binário,,leitura automatizada de bytes; não revisão manual integral
game/assets/sprites/props/tree_snow1.png,1709,fbfa05a5e0216c000da9275de8a1842188c97c64736e8ab7c01533a6a3f6916d,binário,,leitura automatizada de bytes; não revisão manual integral
game/assets/sprites/props/tree_snow2.png,1234,41f24f04512476ef8e97ced1eb76b5ac9c4f8b04c4c26ad4e0dd00ea9c3fc7d4,binário,,leitura automatizada de bytes; não revisão manual integral
game/assets/sprites/props/tree_snowpine1.png,2013,90f134501b83f8bed98515274da75c7c2ae97fcc16637db2975643f36cda4056,binário,,leitura automatizada de bytes; não revisão manual integral
game/assets/ui/README.md,9857,2a64a40fe3bedc0073b19c90ab0ab3ba47cce690d8175cb2aa9b4e44eef43ad7,texto UTF-8,135,leitura automatizada de bytes; não revisão manual integral
game/assets/ui/flor_suprema_floresta.png,214571,f355782a07a3b555795e5c34f73597eb4270a3a09789dd747e003b6f58409b85,binário,,leitura automatizada de bytes; não revisão manual integral
game/assets/ui/flor_suprema_pantano.png,151107,d682bfc9467d0dd75b8fdadf749a55d6f9166944ed88a92c4c488151d457f83a,binário,,leitura automatizada de bytes; não revisão manual integral
game/assets/ui/flor_suprema_planicie.png,293141,59b6bd193a4c0e99af2f0b40f3d4bc5afe6688181da868da750fd46380f964da,binário,,leitura automatizada de bytes; não revisão manual integral
game/assets/ui/flores_floresta.png,187645,d21ce5c95c78fd666f412192ac8c22ab583d34b7fe7eb4f050572dd19387dafa,binário,,leitura automatizada de bytes; não revisão manual integral
game/assets/ui/flores_pantano.png,289433,6587fb32b9a2134a0e560d4cbf36958995a68ada733faeea3800a5a81bc5d711,binário,,leitura automatizada de bytes; não revisão manual integral
game/assets/ui/flores_planicie.png,240068,cdb3d25bd5897374e849be786d19fdd3f6963992e2a6a8c2764bcd7db8ead12a,binário,,leitura automatizada de bytes; não revisão manual integral
game/assets/ui/lore_gaster.png,1017,609f7f97104d2ee90d4bcc316ecc1806e647dc4525fb71c98f98a78af13ad3ee,binário,,leitura automatizada de bytes; não revisão manual integral
game/assets/ui/lore_icons.png,1305,52324e81ed64af338e3f38ed6c74f6799d37f5161066b60f63b60c3e0a818dc3,binário,,leitura automatizada de bytes; não revisão manual integral
game/assets/ui/lore_kit.png,2977,9740a9df8b1785aeab528800251007e98ecda4076dae5a2bef299c3b14b12843,binário,,leitura automatizada de bytes; não revisão manual integral
game/assets/ui/lore_panels.png,2102,9949ddd3abd29e0cb72b44eb1eebd98a130194b8fc861121016dbc9d4c988128,binário,,leitura automatizada de bytes; não revisão manual integral
game/assets/ui/lore_textbox.png,2764,778282c87dde915d2d3e18be5dfc8d72c15a3de247023c44887fbe1acf89ada9,binário,,leitura automatizada de bytes; não revisão manual integral
game/assets/ui/maca_deserto.png,672427,1aad2afe22845c0b2685188c240b3599c0a9cff809d1ddc19f5e8b1229019ff7,binário,,leitura automatizada de bytes; não revisão manual integral
game/assets/ui/maca_floresta.png,669482,b85e6c3923ee7407069fb618b56f5df9c3fc246025c697f22dc85f9c9e2763fc,binário,,leitura automatizada de bytes; não revisão manual integral
game/assets/ui/maca_gelo.png,599674,be743deccb6b90f4cb16a10d6508a92498c55ca928fc79f20fc890be565f6a10,binário,,leitura automatizada de bytes; não revisão manual integral
game/assets/ui/maca_outono.png,709684,a82bdd0253718b19b085f9044259f936f6917da992d10fb913350497c949894b,binário,,leitura automatizada de bytes; não revisão manual integral
game/assets/ui/maca_palida.png,543518,08ca0cc41843f273034fcb2dbf6b5829059213e05bbabce53155c3bb5fcd1a82,binário,,leitura automatizada de bytes; não revisão manual integral
game/assets/ui/maca_pantano.png,580045,5754d5d3ab16552ea16cecb17979bf28b48b962d6e1866cd1f361bd41088f7a2,binário,,leitura automatizada de bytes; não revisão manual integral
game/assets/ui/maca_planicie.png,628252,45e741191adcb61f562a560211190245e7d0fb4664bb9582b272b1d3be22f956,binário,,leitura automatizada de bytes; não revisão manual integral
game/assets/ui/santuario_deserto.png,615281,0b7282a9f66431500d9b7078b666c476a1140814f4eeb8151786be776fcf5b56,binário,,leitura automatizada de bytes; não revisão manual integral
game/assets/ui/santuario_floresta.png,615627,1d1a518b31ac808378170688d59a6a70a951321974c454284e0e8c7634e488d2,binário,,leitura automatizada de bytes; não revisão manual integral
game/assets/ui/santuario_gelo.png,598319,923c372f3f6be35255d4572f6a27f1090a09a561b9ccaa5fea7c7935b6f45b7d,binário,,leitura automatizada de bytes; não revisão manual integral
game/assets/ui/santuario_outono.png,620959,a2dec3508b9ae3f4119113f26626fe0c1340ff48bad6b7b5e4d8c1c566e34624,binário,,leitura automatizada de bytes; não revisão manual integral
game/assets/ui/santuario_palida.png,896781,90ee9520414a03d2380290d30bec2819abf0ecc37c10e17f888c05492a90d24c,binário,,leitura automatizada de bytes; não revisão manual integral
game/assets/ui/santuario_pantano.png,914291,d321aec73131a0340b1f493680493e09afd410b43ed3f5adf38a88e37788d9ba,binário,,leitura automatizada de bytes; não revisão manual integral
game/assets/ui/santuario_planicie.png,839032,e0aaf9abf02b01aaadbb14f101660c3749752a9c81a227fb650bb2e90c465a9b,binário,,leitura automatizada de bytes; não revisão manual integral
game/assets/ui/tree_ancestral.png,656076,981078b961164127354d194cdf926c4038e6530dab6f93a54859fc137ba6672a,binário,,leitura automatizada de bytes; não revisão manual integral
game/css/style.css,2313,66ddc4b5b0d151f946fb9de6b64dc5b1cedfcb8114ab06dbbb0f9a9fe8740dec,texto UTF-8,87,leitura automatizada de bytes; não revisão manual integral
game/index.html,1379,a595d66e5f81f8374a33c262788cb2991ae8714182c109941d7646d81e37561a,texto UTF-8,29,leitura automatizada de bytes; não revisão manual integral
game/js/assets.js,20974,080f6ea4dee538f3baf4b78b714e39db625401570de765a41c44910e475318f1,texto UTF-8,508,leitura automatizada de bytes; não revisão manual integral
game/js/audio.js,11449,82180ce9480138d66d03e9092dd77a315f411371bdaf88105921f48394b57a62,texto UTF-8,202,leitura automatizada de bytes; não revisão manual integral
game/js/brain.js,21721,01c8f6013ebc8f2f63ccbbb9bec5038b3f738f34da34240bf693f3d6c40d983d,texto UTF-8,543,leitura automatizada de bytes; não revisão manual integral
game/js/camera.js,2553,9e40e2fba3686335783f87b1073887feeb9cd5679b13908f5c583e9bdc33efc8,texto UTF-8,82,leitura automatizada de bytes; não revisão manual integral
game/js/color_restore.js,4559,847833bb1a7e45d643faa5dac23ae66a5d4ecd6f848bfaedca68481f41fc04ee,texto UTF-8,94,leitura automatizada de bytes; não revisão manual integral
game/js/combat.js,8208,be17a5cdc0e9c7e38ce6aaef7e814b722ad5656b76604558e8271f33f5c73d81,texto UTF-8,247,leitura automatizada de bytes; não revisão manual integral
game/js/config.js,53674,cc66eff9beed29bcba2fe53dd623b8456e7a050b315a44410b9827fafcbfa2fb,texto UTF-8,921,leitura automatizada de bytes; não revisão manual integral
game/js/cutscenes.js,23041,826b871c9ea29209f91927d10f9d6d760c1ee5375a1f8468d61f4d317cc632c0,texto UTF-8,526,leitura automatizada de bytes; não revisão manual integral
game/js/debug.js,14561,f2d6dc26920bb48be3ad1e865dba8f1e46febe26748ab67dc12d4d438bf05a13,texto UTF-8,302,leitura automatizada de bytes; não revisão manual integral
game/js/enemies.js,38797,e42e0f17c9038a213bf968c7f87b447b3f2f9df3a2db3b4ffd82e2bc501e5625,texto UTF-8,965,leitura automatizada de bytes; não revisão manual integral
game/js/fog.js,3248,60ba7356753ae213284f27f045c1fe513cd01bd4894702a3a50c4e85d5a43279,texto UTF-8,99,leitura automatizada de bytes; não revisão manual integral
game/js/font.js,14617,8c25804b8ac7bc030c87a9686051f2af9262ddf51b5f43432ca6a00c37fb7386,texto UTF-8,359,leitura automatizada de bytes; não revisão manual integral
game/js/fruit_effects.js,10280,42e2573486ce8e46fdbf948abd71c63f87fc0d4dfebdb88aff9bc2a102c1bf91,texto UTF-8,204,leitura automatizada de bytes; não revisão manual integral
game/js/fruit_skills.js,14824,a67c838922f00a14ba2341fdb626316d7214941c5fb33d2af9fe5608e7d35ba5,texto UTF-8,167,leitura automatizada de bytes; não revisão manual integral
game/js/game.js,137680,ab5310a20356751e8a19d7d860eaf6a48b6ef3e37809138e9412803c948c658b,texto UTF-8,3098,leitura automatizada de bytes; não revisão manual integral
game/js/input.js,4785,c98ee9ac277efcb0fc7ac0cbbd10dd00d300e82585896ee016514c8793adf535,texto UTF-8,114,leitura automatizada de bytes; não revisão manual integral
game/js/loading_screen.js,27441,d4267b8904cbcc3f6d3d98ad260504a1d2a74c66a68eb391097dbb2d5663ff4b,texto UTF-8,783,leitura automatizada de bytes; não revisão manual integral
game/js/lore_hud.js,23168,6c00e4bf24bd3acf8dc866022c6de28417ba85570ef785c8320153a8e159b0a2,texto UTF-8,596,leitura automatizada de bytes; não revisão manual integral
game/js/lore_vfx.js,13052,53b3f40c50c460c7c8f742e14ba546904702f4bfe5571199ee2c887385096817,texto UTF-8,289,leitura automatizada de bytes; não revisão manual integral
game/js/main.js,11572,615e44c6347723aafe71e847c1b6ce64a98f94e40c8ec5907138e5a773181d41,texto UTF-8,280,leitura automatizada de bytes; não revisão manual integral
game/js/meta.js,46646,f6f7bcca47e74c69bf199ad32d136be1731e7b068e66afaf53282fd4f9150abe,texto UTF-8,943,leitura automatizada de bytes; não revisão manual integral
game/js/mutations.js,1342,0bd157164deaaade22c3f334d530622134273961402b31481a3e5fe83beb6d3f,texto UTF-8,42,leitura automatizada de bytes; não revisão manual integral
game/js/nest.js,43782,e9f4e722d8bdd00f29a7a71253bcd6e1ff312d33cc13b97b7848f550179d78a2,texto UTF-8,1080,leitura automatizada de bytes; não revisão manual integral
game/js/particles.js,15085,b95aa2a109dbf64c2e306bbb1efada3914ceaf8076c46e7416fa0c44f6332c6e,texto UTF-8,421,leitura automatizada de bytes; não revisão manual integral
game/js/playtest.js,14081,3435f8adc22f4f4f2e3c0c9bcb7c9b6f123d357b60923854cfba8f81bc68346f,texto UTF-8,330,leitura automatizada de bytes; não revisão manual integral
game/js/preload.js,4494,d6cb09c168c2cad72bf6f47e19b99b5ea5cf78fcaeec19d9df65053471218aec,texto UTF-8,91,leitura automatizada de bytes; não revisão manual integral
game/js/render.js,81768,6956f5fe00a8dd973b824f0ad4aba110645397831c1f0034be6cadc0621757f2,texto UTF-8,2042,leitura automatizada de bytes; não revisão manual integral
game/js/state.js,18916,d2c5de4cbfc939ca2ed87e550c698f4885e34b110b86edfccab0abaa33980bd6,texto UTF-8,427,leitura automatizada de bytes; não revisão manual integral
game/js/tree_art.js,6938,e458e499cd7826a4772f8b24f7317c56537bd1f1136fc6d35704ee9dc53ffd0a,texto UTF-8,160,leitura automatizada de bytes; não revisão manual integral
game/js/tree_layout.js,7119,deee8e023cd24b45097a8fdde42a18972bd99a8cfdfa0d41753c668b56adcf29,texto UTF-8,141,leitura automatizada de bytes; não revisão manual integral
game/js/tutorial.js,8157,390a95abb9d90aba73208d525f40ef07bc9dde56d1b23edb90625533881a17a2,texto UTF-8,232,leitura automatizada de bytes; não revisão manual integral
game/js/ui.js,20158,7dc65e213e68214ce16dba2a30ad0aee8e37c0e1a3711e4f542af26a6af78207,texto UTF-8,533,leitura automatizada de bytes; não revisão manual integral
game/js/units.js,56951,94454c3d8f30e5f379d3af0a1ee58f78870d624b6d627150940b862325e12e5c,texto UTF-8,1467,leitura automatizada de bytes; não revisão manual integral
game/js/utils.js,4378,3030072ffe7deb55dc4c2ed28643b10fc017cfc3747615681de1647a472d7f2f,texto UTF-8,104,leitura automatizada de bytes; não revisão manual integral
game/js/waves.js,11211,f4a63c5c10aad71f31505120f59ddfce2adbfb226e4b214a7361f09c17db3259,texto UTF-8,283,leitura automatizada de bytes; não revisão manual integral
game/js/world.js,23627,e4d14970588d445f6607758fff9426dd45bf4c1e7490e22b7de169945ab54457,texto UTF-8,618,leitura automatizada de bytes; não revisão manual integral
game/manifest.webmanifest,911,d2ce15c536efe9c793940616f50cb79a11a496782dc491ea7733c13bff27e3a4,texto UTF-8,21,leitura automatizada de bytes; não revisão manual integral
game/mobile/index.html,2460,d4bcc5ab4319ef40f1c3889402e3f7cc723785e14ff682d7be3457cd3cecf8be,texto UTF-8,47,leitura automatizada de bytes; não revisão manual integral
game/mobile/manifest.webmanifest,945,bb5f135b8c4f1c53fdb200a37f0d1380dc3c98157c8f5379526f5858fa3157d1,texto UTF-8,21,leitura automatizada de bytes; não revisão manual integral
game/mobile/mobile.css,7486,049418b2e573a1a5bec1575cad4f65754475158a5ffc26244cbcb980d72120d8,texto UTF-8,191,leitura automatizada de bytes; não revisão manual integral
game/mobile/touch.js,19399,757119ec7fb063750d95dc721ca1d63a5562160a054ec42ab33bc089e890a1d0,texto UTF-8,474,leitura automatizada de bytes; não revisão manual integral
game/test/assets.mjs,15564,1fe34851b08cb8d4b859e6f308fd256fe523ceb23ccc85ddf9a3bf60d33d2fcf,texto UTF-8,277,leitura automatizada de bytes; não revisão manual integral
game/test/attack.mjs,3734,17833ddae13701d00d0e384019e5567b2842ee6a7d614bc13b59c263d29feb6c,texto UTF-8,87,leitura automatizada de bytes; não revisão manual integral
game/test/boot.mjs,6826,e7b9ba672a5807d0ce9f6036e4c1ac50014c756e576eed715c5430cd900d5915,texto UTF-8,138,leitura automatizada de bytes; não revisão manual integral
game/test/browser-waits.mjs,2833,493e61faea45b703d6e71199c87d59f8394539de261b861c6e44d5bb6a2a773d,texto UTF-8,56,leitura automatizada de bytes; não revisão manual integral
game/test/cutscene-art.mjs,5479,bccecb3bd9b7f84aa18d997cc11ffd1debb1416414466617611eb9c597d32971,texto UTF-8,103,leitura automatizada de bytes; não revisão manual integral
game/test/docs.mjs,2335,afd19c47e01499968303fb1e3a600314ce5ea6932206a26995bc218365c34867,texto UTF-8,43,leitura automatizada de bytes; não revisão manual integral
game/test/endless.mjs,11267,60124278020551a90459ee5cff0bc72a651d66ff811683b9017ff56bd93c93d7,texto UTF-8,222,leitura automatizada de bytes; não revisão manual integral
game/test/fruit-integration.mjs,5006,f43d7d1361543d062926b0c6a89d4602ad9338c29fa87f6795400bc61132a0e4,texto UTF-8,76,leitura automatizada de bytes; não revisão manual integral
game/test/fruit-powers.mjs,14752,ecc9666935ba87fa9dcd245f3bfa3a4a0af46de61a62aa8f78fefa482323e822,texto UTF-8,176,leitura automatizada de bytes; não revisão manual integral
game/test/fruits.mjs,7237,3191b1dc77f9282659441d468a9667feff19b32a5b871246f9b2261496eb98c7,texto UTF-8,123,leitura automatizada de bytes; não revisão manual integral
game/test/inspect.mjs,7545,fbefebb305b0497bcbf3bfb852b290cb13961c0cfacc2ad736f169ae6c22a870,texto UTF-8,135,leitura automatizada de bytes; não revisão manual integral
game/test/layout-browser.mjs,13436,cccbe2961545c7cbf39738330516490156d48634cc4cd68afc213e3dce927d40,texto UTF-8,242,leitura automatizada de bytes; não revisão manual integral
game/test/layout.mjs,25235,4926be003119d1ada84d2a64a44515de31d8926ed44616c1affed540ba42d9b3,texto UTF-8,584,leitura automatizada de bytes; não revisão manual integral
game/test/lib/browser.mjs,3738,fa794575bca130084243deb9cbe4d750136fec8e31c5a32103b2380bbc0bf373,texto UTF-8,75,leitura automatizada de bytes; não revisão manual integral
game/test/lib/font-mock.mjs,817,694e735b61456fbb125a1c1070b74640c3c26b32fbf648ba6d7627cc4e42e528,texto UTF-8,26,leitura automatizada de bytes; não revisão manual integral
game/test/lib/server.mjs,3215,1c305e3665ea1ecfd1ad89f85baf61c2fd9fafc61f9dcf0fe5c2c37992706422,texto UTF-8,63,leitura automatizada de bytes; não revisão manual integral
game/test/lorehud-browser.mjs,7681,48172a39376ef1a02dc7d619a9609347cc614f7873adbd3f66b0057ae3a79a51,texto UTF-8,113,leitura automatizada de bytes; não revisão manual integral
game/test/lorehud.mjs,7381,eccf3b3adc34b837abcfe9c0f1107dee32759d1483e050e31bbd93618e6cab90,texto UTF-8,150,leitura automatizada de bytes; não revisão manual integral
game/test/mobile.mjs,18690,49c208c620803bd8165de455c3b8d90c5215d7fbfb156f558e431f98bb6ba727,texto UTF-8,388,leitura automatizada de bytes; não revisão manual integral
game/test/native-packages.mjs,6656,7517e1f88ec04b8c654248ac11c23d4476ee84c9d1dd167bb87b388a30739540,texto UTF-8,84,leitura automatizada de bytes; não revisão manual integral
game/test/nestmap.mjs,5774,73e0a0f6fc07a76625b0962ac3491ea17a9db0a8658e3f8723cec6f14d3d11d0,texto UTF-8,110,leitura automatizada de bytes; não revisão manual integral
game/test/playtest.mjs,8100,a690ed68ae0af09026a87850c2a9b19b7bf147d1308e3dcbd585115b9a9ea603,texto UTF-8,152,leitura automatizada de bytes; não revisão manual integral
game/test/preload-browser.mjs,14808,21272e85bf0327fbbefb7ee0ae4360f6beb572a1216b5a2650d73695780adadc,texto UTF-8,248,leitura automatizada de bytes; não revisão manual integral
game/test/prophecy.mjs,11170,37e11b1f6df1dd63c775d86026f70e035f6e40acc04270807a92c442ad7dc18a,texto UTF-8,172,leitura automatizada de bytes; não revisão manual integral
game/test/pwa-browser.mjs,20046,680966369adaf1d1b11482cd2a2f1c09382d7af6ad4fcf7f86adbe598fa800d6,texto UTF-8,366,leitura automatizada de bytes; não revisão manual integral
game/test/pwa-worker.mjs,11397,54c9fe00d264fbe115c79bf29cb61d42b39f396076dc88799578e5590520f3ef,texto UTF-8,185,leitura automatizada de bytes; não revisão manual integral
game/test/pwa.mjs,11709,8820451f37a85378dcab92de60813392e7aed364a128b44eb49ce4bd207806e3,texto UTF-8,193,leitura automatizada de bytes; não revisão manual integral
game/test/regressions-browser.mjs,15501,a014d0335dcf562c11cfde1e12e0fb4435866e3de91917fc7caca64aee363c6d,texto UTF-8,251,leitura automatizada de bytes; não revisão manual integral
game/test/regressions.mjs,9693,e158cef064a7dfd1a2d0584f3e34356de4b17a9f3c334aa50ddbb4eb677ecf6a,texto UTF-8,187,leitura automatizada de bytes; não revisão manual integral
game/test/run-all.mjs,7365,16dc4ebf5b279df0a3e80e80cead92fe4017c91542d671dc0981765fcfabd115,texto UTF-8,152,leitura automatizada de bytes; não revisão manual integral
game/test/sim.mjs,13870,b4e951fb69d6172c380d466363542865431bc7fb2176f3d563d944f3737f77b8,texto UTF-8,301,leitura automatizada de bytes; não revisão manual integral
game/test/stuck.mjs,10862,10fd4ca35004557274e920220a8647b48a6c8958ac63abf8ead753d7b22d7c2f,texto UTF-8,221,leitura automatizada de bytes; não revisão manual integral
game/test/title-parallax.mjs,7345,6dd95a22f2f55cba8dd0e984039fb7752be8d5820584df164eb3119da4056796,texto UTF-8,133,leitura automatizada de bytes; não revisão manual integral
game/test/tree-art-browser.mjs,14350,130d3551ba2dfb3dfb9414401cd9c89b6f3a211e5224b108aa191ce5ce1df912,texto UTF-8,232,leitura automatizada de bytes; não revisão manual integral
game/test/tree-browser.mjs,21337,cf9c636436b2bf7713021e38113cf8dc8983c6825dfe7d62cfaadf835a20238e,texto UTF-8,290,leitura automatizada de bytes; não revisão manual integral
game/test/tree-progression.mjs,8637,74a66114ecf803edb3f9ebb4d4d23c03cfdea1c2406bb7f3c7020e067e13d9b8,texto UTF-8,140,leitura automatizada de bytes; não revisão manual integral
game/test/tree.mjs,14583,38893dc20aac1fee9ddbb464049eb98b79d007d436bf0a0e39f2711a1c2e600d,texto UTF-8,277,leitura automatizada de bytes; não revisão manual integral
game/test/treemap.mjs,3721,932c804e431b5671454f9774d0679a09be43f4f135d3abfbc204de823bce6ca5,texto UTF-8,52,leitura automatizada de bytes; não revisão manual integral
game/test/ui-navigation-browser.mjs,7494,078214a55e333d6385481e6ff274c40f8c5120e59e53d0c72862c2667187c7c9,texto UTF-8,119,leitura automatizada de bytes; não revisão manual integral
game/test/uitest.mjs,18456,08ef161f2eee10574990ebea6004dba403e540dd6a1c2143622e276e3d6b01ee,texto UTF-8,398,leitura automatizada de bytes; não revisão manual integral
icones/Big_icons_for_Shop/Down_cell.png,38827,fe1c798acc2bc66c544e17408360a35adc28649f744728a642d04b2db84480cb,binário,,leitura automatizada de bytes; não revisão manual integral
icones/Big_icons_for_Shop/Top_cell.png,38828,edc89a5be402ac24fff9daa20f477ee9832a3bff3bb775e8d7750d257f13d427,binário,,leitura automatizada de bytes; não revisão manual integral
icones/Gui_icons2.png,63618,a59ecf173b9dc6e7fd302376faf5b3bddbdc18ed032506ef68348748e340a253,binário,,leitura automatizada de bytes; não revisão manual integral
icones/Icon10_1_2.png,1216,ded20a5adc06ed94ac4eff760db87a6bbba88653459bd660d06963db990fd9af,binário,,leitura automatizada de bytes; não revisão manual integral
icones/Icon11_1.png,1122,7577610893a68a592437fb7abf46873961f9ad9c08e38364197c33de5aba46e5,binário,,leitura automatizada de bytes; não revisão manual integral
icones/Icon11_1_2.png,1209,5cc018e9c7cf1684cf01bd58e637273e5fdb3b6b3037d16d1875ba1f7eec2930,binário,,leitura automatizada de bytes; não revisão manual integral
icones/Icon12_1_2.png,1182,edc5b60a8b0278e197cf20e89e0383bfa13585757113d19611840ebfb7eda33c,binário,,leitura automatizada de bytes; não revisão manual integral
icones/Icon13_1.png,1180,f9b72f6fa110d50aab5674d26c55fccd08f1c594ce0d7453a41c68d8ffacbff3,binário,,leitura automatizada de bytes; não revisão manual integral
icones/Icon13_1_2.png,1299,016699cf8b62f93d619ea01356a016088a0a4f24e4ca50623f8e18e91bb64012,binário,,leitura automatizada de bytes; não revisão manual integral
icones/Icon14_1.png,1182,8a81c21ab0fded5f3305676a36376b64ef7714810a4c209a82df612a48e96416,binário,,leitura automatizada de bytes; não revisão manual integral
icones/Icon14_1_2.png,1343,920e3074778b2c05ebd00994d1fa0d6c884b0f4287fadec80b32cad70282b1fb,binário,,leitura automatizada de bytes; não revisão manual integral
icones/Icon15_1.png,1209,86ba5d6dc8b204f51dde4c1035e4ba86fe55c5eb8086dc2110c35f496de8a60d,binário,,leitura automatizada de bytes; não revisão manual integral
icones/Icon16_1_2.png,1389,35003e90cab7c26173e2625bb3d4808210c7d3a4798db1281731cf4fd6a49117,binário,,leitura automatizada de bytes; não revisão manual integral
icones/Icon17_1.png,1239,b024a827deeaa4ac9b0e2d728f94b69107728b7f311e01b8b40395ac2d641970,binário,,leitura automatizada de bytes; não revisão manual integral
icones/Icon17_1_2.png,1434,48df59b2e35efc8c97265081d5b24c0e311a2f1157665b410dfa9a42c852f55f,binário,,leitura automatizada de bytes; não revisão manual integral
icones/Icon18_1.png,1226,9f33a90cdea54a5456b9aeebcef63eb575c595f287d8777243cfba9c62ef5f8d,binário,,leitura automatizada de bytes; não revisão manual integral
icones/Icon18_1_2.png,1360,4f1bd34aef63769fba0d115ce22cd3bd1e4d5e71b08b5c26b9f539f94c94953b,binário,,leitura automatizada de bytes; não revisão manual integral
icones/Icon19_1.png,1160,0a7d7f6202d00ea6732c4a02b6faba92a8d9528a190f091b732e05e32ec01b35,binário,,leitura automatizada de bytes; não revisão manual integral
icones/Icon19_1_2.png,1298,782df06fb27b3b2b2b6f64776b182e29a3a20fef2875127127618b8e9ab5aed6,binário,,leitura automatizada de bytes; não revisão manual integral
icones/Icon1_1.png,1124,e6bc1a72ddfdd6966243f25e4cdf563f4d1c90d97821506adb345ed051fe27bc,binário,,leitura automatizada de bytes; não revisão manual integral
icones/Icon20_1.png,1238,34570fdaffff70bae6bbbd9a4ba5f4c00b9698ba15f0aa5280e49ad90e7f32fb,binário,,leitura automatizada de bytes; não revisão manual integral
icones/Icon20_1_2.png,1397,ee27f401df00b660a81fb83f9e0fcdf447a5e40aafcd7b2c673976f49637f271,binário,,leitura automatizada de bytes; não revisão manual integral
icones/Icon21_1.png,1190,deeb2ebe87b0a15bfeee64c9196203645628bdd0aea241bc328339088d5db499,binário,,leitura automatizada de bytes; não revisão manual integral
icones/Icon21_1_2.png,1276,165848f3e62b715da1a133ce898548bfa6b63e3ef88125061aa4b6b8709ac24b,binário,,leitura automatizada de bytes; não revisão manual integral
icones/Icon22_1.png,1186,5f564ccf07f8c77cc50c016a5bef2743be97a7efed01638458f01f9d21497693,binário,,leitura automatizada de bytes; não revisão manual integral
icones/Icon23_1.png,1214,5793babb8cb054a9bce1c9ecdbf370f5d5f32003f8b66faf43fc39e033810604,binário,,leitura automatizada de bytes; não revisão manual integral
icones/Icon24_1.png,1243,b5cdcece5fb3d413ca6ee3957a5279749aba3433fe8ecf7f9363158a4c20dea1,binário,,leitura automatizada de bytes; não revisão manual integral
icones/Icon24_1_2.png,1378,b4f30c63d5e2a80dcedb44bd95e09eb28c3952461dcf71a520f13b15494a71e2,binário,,leitura automatizada de bytes; não revisão manual integral
icones/Icon25_1.png,1109,e48e0ba1910752a8bb79766116da881e58322185de968c46aa0988b8f78ad628,binário,,leitura automatizada de bytes; não revisão manual integral
icones/Icon25_1_2.png,1279,868d5ee505b70e2ccbf6f9caca832d9032f160f841486081180661c6e3088223,binário,,leitura automatizada de bytes; não revisão manual integral
icones/Icon26_1.png,1200,904e967884da5be4b9c0e41b1a2a212d3793ad8c92e587db22d99197ec808644,binário,,leitura automatizada de bytes; não revisão manual integral
icones/Icon26_1_2.png,1352,d71cbbbc1b7259b60fd93aa7abc6aecf00545635b7e909d64b75dbfff4b1af6e,binário,,leitura automatizada de bytes; não revisão manual integral
icones/Icon27_1.png,1157,9c611e0f7fb9901fba41de22a223240142e6a9dcfac18d0bcddf21495a3d3efd,binário,,leitura automatizada de bytes; não revisão manual integral
icones/Icon27_1_2.png,1236,ce3fafe56e76a650f7702be78292fb99b51aa1347d50ff517957d716f82a2464,binário,,leitura automatizada de bytes; não revisão manual integral
icones/Icon28_1.png,1106,77f3f4022b0e9026e9be6a844a337b8e460e46d33056f0eae6032469ca7e2de2,binário,,leitura automatizada de bytes; não revisão manual integral
icones/Icon28_1_2.png,1271,3d8aa8be687391bdd4c73813c190b1803cf12de7b124ef877c8b7a529b7a3906,binário,,leitura automatizada de bytes; não revisão manual integral
icones/Icon29_1.png,1182,85e6a9ebd01d7f78d307cc5cfb4ac9216d1bab25fd8b162b8eb27fe68b319e81,binário,,leitura automatizada de bytes; não revisão manual integral
icones/Icon29_1_2.png,1357,b59dbf886672079db4b797b129a0c9cc09b31892e137a5eee39957519428f152,binário,,leitura automatizada de bytes; não revisão manual integral
icones/Icon2_1.png,1122,532a3884a50d32a0c39da507381958c1726089bba2a5d5846129892c44ceb6b2,binário,,leitura automatizada de bytes; não revisão manual integral
icones/Icon2_1_2.png,1217,fa486d2b929df1582adfc0bba35597b61d38aa2b8ed17ae33becc6ab82253456,binário,,leitura automatizada de bytes; não revisão manual integral
icones/Icon30_1.png,1175,27437abd014269e4026967701d4b795415277ea839d274fc4d64c309de7b8d9e,binário,,leitura automatizada de bytes; não revisão manual integral
icones/Icon30_1_2.png,1282,c4b6df447c0bdaa05f08ab6bcc94ab378c47582042349042a7f8190d50d53e6b,binário,,leitura automatizada de bytes; não revisão manual integral
icones/Icon31_1.png,1146,620f0e7e388a8d2208f8c5003b1246e0f994b4ccf85c8f7c42145c7c3a6049c3,binário,,leitura automatizada de bytes; não revisão manual integral
icones/Icon31_1_2.png,1252,5d7edcd538eefbbeb97551e3357cb5953ec90f76fb215cacc004eefa0092d21d,binário,,leitura automatizada de bytes; não revisão manual integral
icones/Icon33_1.png,1179,b9788a695acd2136cb9877eb3ba8a60f91a122516acc489f81295806940653cf,binário,,leitura automatizada de bytes; não revisão manual integral
icones/Icon34_1_2.png,1414,268a71950d151f6609031999286e8f83d7bc08499280ecf4657972825a0b23b3,binário,,leitura automatizada de bytes; não revisão manual integral
icones/Icon35_1.png,1115,87a960ef32c5faab49f343ca64c0e52ee797697478f8fcfeefbc301eb7ce5df0,binário,,leitura automatizada de bytes; não revisão manual integral
icones/Icon35_1_2.png,1239,9d62d1ed48a43dc9146cad0a166747eebe0d32141b4766dee180a6eae91f7511,binário,,leitura automatizada de bytes; não revisão manual integral
icones/Icon36_1_2.png,1321,9a39f689b786b3dbc85bb2fbf3fef6ab0b36f8ad3e1c2261873d658bbb155381,binário,,leitura automatizada de bytes; não revisão manual integral
icones/Icon37_1.png,1142,6758240b9ba1bd2d7d813a7056a253ef064f2493353648fd55c909f5eb1b3f86,binário,,leitura automatizada de bytes; não revisão manual integral
icones/Icon37_1_2.png,1268,c89305b71b7bf3f0671aedbf5b935352d3e06c4391ad11fdec5f9706281e0ae7,binário,,leitura automatizada de bytes; não revisão manual integral
icones/Icon38_1.png,1119,f7be9acb4970139b909dd3011bc6e423a9534343088dd08822adfb954045e8e7,binário,,leitura automatizada de bytes; não revisão manual integral
icones/Icon38_1_2.png,1203,bf93b0344103e5865775d19d64f7bc3b9bb1c7c09b08d3ae97a79b33fc25e3d6,binário,,leitura automatizada de bytes; não revisão manual integral
icones/Icon39_1.png,1172,800c782025341ec9f1f64cfe61b15b85749a50e2d1b25e452cfb6a3e573900a1,binário,,leitura automatizada de bytes; não revisão manual integral
icones/Icon39_1_2.png,1281,1147cfbf7d1d488cf90f10ad3f1bbcd48cb84ee2b1daa351efa1d14d8908f461,binário,,leitura automatizada de bytes; não revisão manual integral
icones/Icon3_1.png,1070,c5c3dfba291a7e0f310bbb533d4c3cd889715f55c2938d3d00b1ff68fd3e0e77,binário,,leitura automatizada de bytes; não revisão manual integral
icones/Icon3_1_2.png,1193,363a7b09beb8a4a9aaae6284292fe83c34728e65aa8c7eab2aeaef22fc7d4bd3,binário,,leitura automatizada de bytes; não revisão manual integral
icones/Icon40_1.png,1206,605501964f741e0fe073fa18d5dc8c5310587e4ef3a66fceeaa16972702b4dc5,binário,,leitura automatizada de bytes; não revisão manual integral
icones/Icon41_1.png,1127,660d76bb8a4c396be94e9324b574af458d4d82e051a429486237c4a2452642f3,binário,,leitura automatizada de bytes; não revisão manual integral
icones/Icon42_1.png,1154,7cc3495e6ab22fb5fb91976ed1a1f06b9d848c03cf8d024c3ea69b71c8a3d7a6,binário,,leitura automatizada de bytes; não revisão manual integral
icones/Icon42_1_2.png,1257,996e17d4f30407a827a28059ea7523f4d316ab1e487d38afe6b1e203747c4ec0,binário,,leitura automatizada de bytes; não revisão manual integral
icones/Icon43_1.png,1093,4b50d5bc920f875906a5330807d80828b06598d565e0e3b2caae456cceb4657e,binário,,leitura automatizada de bytes; não revisão manual integral
icones/Icon43_1_2.png,1191,8ac907267ad503d5e7f41b8b4b12aad822da2ab39f94ea5a9bfd7a22857daa11,binário,,leitura automatizada de bytes; não revisão manual integral
icones/Icon44_1.png,1167,e48f42a051e6903c2a830717aea4bbecc6d41e1d65a5a8b1b59328f145e41ba2,binário,,leitura automatizada de bytes; não revisão manual integral
icones/Icon44_1_2.png,1347,1463aa110ea46e39aec87d793597563074a91fca17c23379076112a2028c0241,binário,,leitura automatizada de bytes; não revisão manual integral
icones/Icon45_1.png,1143,ca564a2c758ccbca3c5460b3eb871a430db8a4553006b0b8ea04ed5645b5c4f5,binário,,leitura automatizada de bytes; não revisão manual integral
icones/Icon45_1_2.png,1240,518b1b409f0102d65303f60cae38510a04df37a58e9219e89aa2d051e7a74deb,binário,,leitura automatizada de bytes; não revisão manual integral
icones/Icon46_1.png,1137,2edcffa65633bd8837d7fb0cffffaab6330652f7f4414f969cebe690bd437715,binário,,leitura automatizada de bytes; não revisão manual integral
icones/Icon46_1_2.png,1236,cae8a57bdcb3a21d89e6bfe04e7103178347c40b1cf059c8707862da84023f59,binário,,leitura automatizada de bytes; não revisão manual integral
icones/Icon47_1.png,1163,96670d677e59118da444adc1b8d38206c5d8648107daac3bfab753ecfe02e0c6,binário,,leitura automatizada de bytes; não revisão manual integral
icones/Icon47_1_2.png,1272,d51b2e9067284572d8cf75f0ea463d07d5e2db578a713adaf8ab2836402d1ab1,binário,,leitura automatizada de bytes; não revisão manual integral
icones/Icon49_1.png,1150,12f296b41dc8f29ec5c5eba91c22d8fbc1cc3b3811a6560c4775dcc52a20f37c,binário,,leitura automatizada de bytes; não revisão manual integral
icones/Icon4_1.png,1139,65b713640a5118e046ed31524cb1caafb96af446b240d830f224b4cb5bc5fab2,binário,,leitura automatizada de bytes; não revisão manual integral
icones/Icon4_1_2.png,1257,b9135e848900843e05a1e7c4b63f82e57cdb59524b0a0caa36fef7d0a2e3c640,binário,,leitura automatizada de bytes; não revisão manual integral
icones/Icon50_1.png,1115,fc01c17cbaa849b1bb15034bd5c5e66277d0c495fa61176e90e2410a29d26f6c,binário,,leitura automatizada de bytes; não revisão manual integral
icones/Icon5_1.png,1078,9f891605cbe3d7c79b9dfa2e7380864a6c951c4d3f4c117f0a4f8936882a1a9f,binário,,leitura automatizada de bytes; não revisão manual integral
icones/Icon5_1_2.png,1235,1323019b48b7763954daba3472b39e71c0c021d52e246071aebc199c36132b97,binário,,leitura automatizada de bytes; não revisão manual integral
icones/Icon6_1.png,1090,3d111cc034ba15f7412ad7fe6f9f4c0a0436aee0594e2dac9e063d90e0302a9c,binário,,leitura automatizada de bytes; não revisão manual integral
icones/Icon6_1_2.png,1162,cea6a9fff9f3b60701773611e66544a5a11973a5a402efe83a06c1b0303fd4d4,binário,,leitura automatizada de bytes; não revisão manual integral
icones/Icon7_1.png,1172,76fd6323247bc3237f99909d54dcedfbc1287d3c1e63a5dc30655030f75363f5,binário,,leitura automatizada de bytes; não revisão manual integral
icones/Icon7_1_2.png,1303,6a8657f43ea1b972ddd88b5b0eac3e4e3c21ce91b4a206c1b5f9c2926feb27bc,binário,,leitura automatizada de bytes; não revisão manual integral
icones/Icon8_1.png,1106,05d3f72ab4ab41c9929ddea482ebff525fe5ccac52112c335100e70163ba8ed0,binário,,leitura automatizada de bytes; não revisão manual integral
icones/Icon8_1_2.png,1172,ac436f2afb035bc0f97f670174b8107ffcf16bddd1c0881e0f9cb6d53c84e6f9,binário,,leitura automatizada de bytes; não revisão manual integral
icones/Icon9_1.png,1113,c938ca1f02b1b53a06c33eb3d14eebc9ab7b7ceed47a9c41cd68a7291bba500d,binário,,leitura automatizada de bytes; não revisão manual integral
icones2/Icon100_1.png,1186,0f69e081a4f34fc308108ad8ef4d210d992ad3d7345ef030950681e855cc8069,binário,,leitura automatizada de bytes; não revisão manual integral
icones2/Icon51_1.png,1145,6c4aedf8454ef6a258103956ab4becf5e24eda3887b80de5c25337087b1aa4cb,binário,,leitura automatizada de bytes; não revisão manual integral
icones2/Icon52_1.png,1130,e58c21e76a8fe398fa289695aa18dc72a8ca26a212d2f1ce8e64863fa007706b,binário,,leitura automatizada de bytes; não revisão manual integral
icones2/Icon52_1_2.png,1205,52dbb4b9042f822d3da2563bfd8608f2371b367c2140b88f4175371a737661a3,binário,,leitura automatizada de bytes; não revisão manual integral
icones2/Icon53_1_2.png,1254,51423f403f2a8f8c2844cf3e0e26b0d3faaa564666ad3dec73fbe9aff14298d8,binário,,leitura automatizada de bytes; não revisão manual integral
icones2/Icon54_1.png,1133,d6f7a9f90e41b4d93620f5b8569a47d64ea6e6c1ce13108001672ec6b45d7114,binário,,leitura automatizada de bytes; não revisão manual integral
icones2/Icon54_1_2.png,1274,c4d3fc40701fc9757be02ad6386583a5949bde9ec4b3ad0e665d640c43009543,binário,,leitura automatizada de bytes; não revisão manual integral
icones2/Icon55_1_2.png,1294,cbb0b36cb23cf3d335b0bd2f4792ae96f72e57d34e14c81cbfc9d069eefa09a7,binário,,leitura automatizada de bytes; não revisão manual integral
icones2/Icon56_1.png,1140,c5b84acad0d1c1b951f73e413266f7cf939d74e87ba2527cd0994d398018382a,binário,,leitura automatizada de bytes; não revisão manual integral
icones2/Icon56_1_2.png,1265,58af9dbbaa32d0daf86daa880851314d42d380fa16aff7383868121be8543060,binário,,leitura automatizada de bytes; não revisão manual integral
icones2/Icon57_1_2.png,1226,19314fcd0e3773ada6120b96cf12e9cdec2708a4ea7898f32795d6b9167c8423,binário,,leitura automatizada de bytes; não revisão manual integral
icones2/Icon58_1.png,1160,3b94e7d9bf966815ff51342fc4c631bf1561a8f8fe9047ee1c49166bcb66b673,binário,,leitura automatizada de bytes; não revisão manual integral
icones2/Icon59_1.png,1137,2d2bec9a43ab4e927cbdb0db8fefa2d78109d04b51283cc0d6356d0e7d548be3,binário,,leitura automatizada de bytes; não revisão manual integral
icones2/Icon60_1.png,1115,8333123f7c02e79e8d17320ee46a942541cdb7fa415b1eda0637331bf548169c,binário,,leitura automatizada de bytes; não revisão manual integral
icones2/Icon60_1_2.png,1196,20a6b37e3020a5651e72063284a1340235e668a91d2af3e644b25310aef02add,binário,,leitura automatizada de bytes; não revisão manual integral
icones2/Icon61_1.png,1120,4197d8d689784b99a9568933281433cfc0f8d11f6fd572de49cd459473ddfb85,binário,,leitura automatizada de bytes; não revisão manual integral
icones2/Icon61_1_2.png,1232,f0091cf5b33e26704751edc99e0bc5986c924347427efbec88dc0b966b0e2b7e,binário,,leitura automatizada de bytes; não revisão manual integral
icones2/Icon62_1.png,1146,7d6b9ab9f07f6cb98544fd1e1cbc26d86de2e3564d1a41b1c2a7c18bf61a7da8,binário,,leitura automatizada de bytes; não revisão manual integral
icones2/Icon62_1_2.png,1269,c14fd846b741c89123aa95539590890e72a91a9a9caa43a9f2fa033428d0057f,binário,,leitura automatizada de bytes; não revisão manual integral
icones2/Icon63_1.png,1135,efad3f704cd8718ec521215e1a2b5adde06291718e0abdd08da034f349eb51f4,binário,,leitura automatizada de bytes; não revisão manual integral
icones2/Icon63_1_2.png,1241,ad5bae4b211c048134aa0e34897dfda5866ef2afe84f0a8d25a402f74af314de,binário,,leitura automatizada de bytes; não revisão manual integral
icones2/Icon64_1.png,1148,0669af730780477017e34f93aefc593e3f35c4542fb09524d2d89dd94bb8fae8,binário,,leitura automatizada de bytes; não revisão manual integral
icones2/Icon64_1_2.png,1264,33dc4b00e7bd7929d8f843b9c40c133dbc1f759aacf2be6798188ac808f3fcba,binário,,leitura automatizada de bytes; não revisão manual integral
icones2/Icon65_1.png,1088,c5ac207398f2956a39f6aa18ea27cc9808e8c96bc931a1b8b6a72702a99b76e6,binário,,leitura automatizada de bytes; não revisão manual integral
icones2/Icon65_1_2.png,1171,e495549231c968ac67053340df1175fda8da488b449a99daf3963a1bc3bfbb1c,binário,,leitura automatizada de bytes; não revisão manual integral
icones2/Icon66_1.png,1177,de3c27fbed70e374bb4c2a6921966b39dec84ea49c2cb5f6d1f3ceccec63091b,binário,,leitura automatizada de bytes; não revisão manual integral
icones2/Icon66_1_2.png,1315,b79ef79807f6beec8737bc06549080df6785f691e9658a79dc546440ef3ddca3,binário,,leitura automatizada de bytes; não revisão manual integral
icones2/Icon67_1.png,1210,676b230021a3ce0272576f0ffe773314843c294496961d7a3b3d5f59245e66c4,binário,,leitura automatizada de bytes; não revisão manual integral
icones2/Icon68_1_2.png,1276,e4b88af1a00c8dec8133a61c2f4492174af208ce45752f482aa4e086a7da7fc7,binário,,leitura automatizada de bytes; não revisão manual integral
icones2/Icon69_1.png,1176,ea84729f7cf4680cd0cfb14e3576f7de43c407e82292eef45c7dc34dc4a1918f,binário,,leitura automatizada de bytes; não revisão manual integral
icones2/Icon69_1_2.png,1304,fb556282a714681b3c13394174a8ff872c56ecc380263f0f503b130985ff622e,binário,,leitura automatizada de bytes; não revisão manual integral
icones2/Icon70_1.png,1143,a5c283706f89b4f0778e023654e4d3a7b75a088a798f25df09586f5084e5027d,binário,,leitura automatizada de bytes; não revisão manual integral
icones2/Icon70_1_2.png,1226,d47cdfb7ef6756e9534cc8ec0a9562d70f203fd55805b03ddd026071c882ed29,binário,,leitura automatizada de bytes; não revisão manual integral
icones2/Icon71_1_2.png,1336,7ae04a03b5fde7734fba2d83bfe848da54944628e2ba3cdda14549b5b1e0f65c,binário,,leitura automatizada de bytes; não revisão manual integral
icones2/Icon72_1.png,1208,ca210f317a0ca0bdb2a26567730a5261a027ade7addffdaca7149c642a57414a,binário,,leitura automatizada de bytes; não revisão manual integral
icones2/Icon72_1_2.png,1382,fd4aced9069395307d0e879853e5f6633fae71f4416d9fe12c85514f41ac15dd,binário,,leitura automatizada de bytes; não revisão manual integral
icones2/Icon73_1_2.png,1217,fdae7e90ca7917f7a8a65a45653d2d79d99dfd342a8f564219d4c4de5d69e5dd,binário,,leitura automatizada de bytes; não revisão manual integral
icones2/Icon74_1.png,1203,ba7abdbca5e6899e137084c00755aad4a1b46c373762452081b493a2ac1a8960,binário,,leitura automatizada de bytes; não revisão manual integral
icones2/Icon74_1_2.png,1382,80104621529fcc3e16213e8055829503763b45395ec4db7bdd027d14441ce599,binário,,leitura automatizada de bytes; não revisão manual integral
icones2/Icon75_1.png,1145,2f04864433ad140ff53b894592681a9780bad25a4c8d7366f5ce9ed82a38c268,binário,,leitura automatizada de bytes; não revisão manual integral
icones2/Icon75_1_2.png,1256,4dee1b92c8a5cd178dd489b6264a0663d5e62078fb0ea016c31485d0c462f5df,binário,,leitura automatizada de bytes; não revisão manual integral
icones2/Icon76_1.png,1202,258449bd69dc6f38602e6f493e018185304b75f95504674a096ac2ef64c55cdf,binário,,leitura automatizada de bytes; não revisão manual integral
icones2/Icon76_1_2.png,1375,614a74f3a628b04f17e9a0aa9fec994b5ad87b4a527d1575c390d38266e2224e,binário,,leitura automatizada de bytes; não revisão manual integral
icones2/Icon78_1.png,1209,33864129780b9220f2210e0e48599324eb8afd342343ee3c98f72215ee27a1b4,binário,,leitura automatizada de bytes; não revisão manual integral
icones2/Icon78_1_2.png,1267,b41a0f74bf9aead7896ceff4796dea50cf115312fba717486ed61912d1f5be3f,binário,,leitura automatizada de bytes; não revisão manual integral
icones2/Icon79_1.png,1174,273486def23568a3ecde664437c8622c91533141d4ac60543d14bef0289b1857,binário,,leitura automatizada de bytes; não revisão manual integral
icones2/Icon79_1_2.png,1283,a7bff92a89d7a5bcaa9a1fa0b38d9488e5ab4abe8c403ad6ef0522d741b8b648,binário,,leitura automatizada de bytes; não revisão manual integral
icones2/Icon80_1.png,1217,0adec6f24335cfc1419a7ce6b420311566386e3181319a5aec3178cdf42d5f19,binário,,leitura automatizada de bytes; não revisão manual integral
icones2/Icon80_1_2.png,1329,dcbf4474d4607ba808cfb3bd26a9c1585693bbb5d41ddb39715ef0ec5ea8bd86,binário,,leitura automatizada de bytes; não revisão manual integral
icones2/Icon81_1.png,1158,e3f0683fff5481c984140a277129520f306e7bc238c4b030ed4df983d948ca67,binário,,leitura automatizada de bytes; não revisão manual integral
icones2/Icon81_1_2.png,1285,fe8d0951157d1785a4f3ee5ed961e437207e09ba5c371b0b4fcf2d6da2377a8c,binário,,leitura automatizada de bytes; não revisão manual integral
icones2/Icon82_1.png,1209,43cd0ffe581e32ea4ec500d67000722053dc703afa30eac313dd025cf8f487e0,binário,,leitura automatizada de bytes; não revisão manual integral
icones2/Icon82_1_2.png,1344,367400925402fc369b54658f44bbe286a300e2f4e2bbec600072da24b1757912,binário,,leitura automatizada de bytes; não revisão manual integral
icones2/Icon83_1.png,1162,9584150f4440d87cf864c36ff3ed97ff5def2939e92f71e67754a3edebb0e4a0,binário,,leitura automatizada de bytes; não revisão manual integral
icones2/Icon84_1.png,1203,f359a41a5400adf31b80fbfa31cdd131dbe2b2cc020152abe584f732f3a64d66,binário,,leitura automatizada de bytes; não revisão manual integral
icones2/Icon84_1_2.png,1397,8e38b7d9df1cd2e0a2c5b24b92ddfb46424c2b75a0179423618eb1a3d5493e1b,binário,,leitura automatizada de bytes; não revisão manual integral
icones2/Icon85_1.png,1095,690cdde09137757a5d7e99e64eb457ac93af77be6bd0f0a4db3669d68fc355ee,binário,,leitura automatizada de bytes; não revisão manual integral
icones2/Icon85_1_2.png,1181,a29a4413f1f58eef3812eaf9a589ef21d038533b57946bb935befb635ed6c9e0,binário,,leitura automatizada de bytes; não revisão manual integral
icones2/Icon86_1.png,1208,7793d5364993fa0230b5d4a591d9ea4f12ea74646665de614e645bd110f52be3,binário,,leitura automatizada de bytes; não revisão manual integral
icones2/Icon86_1_2.png,1387,90b1f1522767fd74d9e7bd6beaf1d14141ec09f8f1dd8d0551ad0248b608c73d,binário,,leitura automatizada de bytes; não revisão manual integral
icones2/Icon87_1.png,1149,c7606149101d535fd03874f32de0f0ae6229167b6debdc7db51e585eefdf6821,binário,,leitura automatizada de bytes; não revisão manual integral
icones2/Icon87_1_2.png,1341,c31b410dfb2263bdbfeda2e6a00fa03b9a99ee9e1cf4380e6bbff22db41f36f6,binário,,leitura automatizada de bytes; não revisão manual integral
icones2/Icon88_1.png,1202,6b890496c3555ff4349f975382ca2cc5b756b4b6158af004801c4266271ae173,binário,,leitura automatizada de bytes; não revisão manual integral
icones2/Icon88_1_2.png,1238,5711fedb49ccfba8021874212cf0096aec01be57a5832cc99c7be991b0903d53,binário,,leitura automatizada de bytes; não revisão manual integral
icones2/Icon89_1.png,1085,a75838dc612751d6c5b57bf67d1455143b86eebd4a0af5dd9302a57450e0d92a,binário,,leitura automatizada de bytes; não revisão manual integral
icones2/Icon89_1_2.png,1336,d48d0493e7a9b3803d4b472aba2a04cda0ccc39ec0f2648af99531cdbdd9f1e8,binário,,leitura automatizada de bytes; não revisão manual integral
icones2/Icon90_1.png,1203,94622be8fa1990209de22db3601e2050f212df4afaa99e6d64095ab14d60575b,binário,,leitura automatizada de bytes; não revisão manual integral
icones2/Icon90_1_2.png,1148,4c687192596d8bd509d839d192b5c2d48b5d808b3b42b45a56abde55fdd2cbf2,binário,,leitura automatizada de bytes; não revisão manual integral
icones2/Icon91_1.png,1113,8b248b285b2562a5dce3e6753923f764e0dd4cdfb20674c90ea6f785cfaeeb80,binário,,leitura automatizada de bytes; não revisão manual integral
icones2/Icon91_1_2.png,1371,640b5dad8dbaf3735ddacc547574f93d78b4858a223a3eaf7ca85f84f9fa85c7,binário,,leitura automatizada de bytes; não revisão manual integral
icones2/Icon92_1.png,1178,7e4aada03451ba6418fa0bac01d18513a55dde0308bce1a28e4c5a0f6ce26386,binário,,leitura automatizada de bytes; não revisão manual integral
icones2/Icon92_1_2.png,1216,d3bb5f7a08d0de52e1f255dd4c0ebef5877f2891c13de4939aa4dd63d3c2bec0,binário,,leitura automatizada de bytes; não revisão manual integral
icones2/Icon94_1.png,1221,adf70bc519b07d4cf98053f9911d1f8bba0f7b3588b826bbf5277e63aafafda5,binário,,leitura automatizada de bytes; não revisão manual integral
icones2/Icon94_1_2.png,1323,9b7153c7bf9d07ec308b4acb1966b47300c16979c4fed67f41fd31ce76351e1c,binário,,leitura automatizada de bytes; não revisão manual integral
icones2/Icon95_1_2.png,1348,af76389ec0e50e9d4cd3d4523a4bbb31f2e6722138e61677547c95e82a706706,binário,,leitura automatizada de bytes; não revisão manual integral
icones2/Icon96_1.png,1223,7f16d09e100a7e0e45dd771726b120048546d6a519ebca482f1ec49189a44666,binário,,leitura automatizada de bytes; não revisão manual integral
icones2/Icon96_1_2.png,1255,9e7aba6383f24875b579c755c6e884de9d8e9a5601c78601103b38ee211bc55e,binário,,leitura automatizada de bytes; não revisão manual integral
icones2/Icon97_1_2.png,1386,2c25149da3d88c6a99a5e79931dccb55d69d8d02a06acf60bf281250a8f89e03,binário,,leitura automatizada de bytes; não revisão manual integral
icones2/Icon98_1.png,1209,1abc6e1c23225c4192b8db527b33a0b5dcf52cc5c5ce0bc7e6e5323d297b4a1c,binário,,leitura automatizada de bytes; não revisão manual integral
icones2/Icon98_1_2.png,1351,33f80da9988820c1d4ddd799da3f78813096c0fd6fdbf5f9345ee63e236859eb,binário,,leitura automatizada de bytes; não revisão manual integral
icones2/Icon99_1.png,1202,9fbec72208ffb78d6b8808c4ee460593a7e12f46aea5480153fccf4281a37631,binário,,leitura automatizada de bytes; não revisão manual integral
icones2/Icon99_1_2.png,1291,fc67be361702cfa110659d6b373f4547b3833ffb370f8c1c556b2efe277575d6,binário,,leitura automatizada de bytes; não revisão manual integral
icones3/Icon100_1_2.png,1316,26b8c3edbae6d9c580395c6e359b4d352af0e9058f8a13e18260d37c57a9fefc,binário,,leitura automatizada de bytes; não revisão manual integral
icones3/Icon101_1.png,1181,2e439903da381ff44f31f29418e1d09ff42d6307257da6cafd0c392c39113e8c,binário,,leitura automatizada de bytes; não revisão manual integral
icones3/Icon101_1_2.png,1359,12582069d226d3bb3f072805594594944c80da822be3c95563e76139599bae01,binário,,leitura automatizada de bytes; não revisão manual integral
icones3/Icon102_1.png,1208,a62a24656e6993ad9262360f3a00aac2c40f5a699cbb31fff5f019189cc80a8b,binário,,leitura automatizada de bytes; não revisão manual integral
icones3/Icon102_1_2.png,1391,d69fd5f515d0e5ae6543a55949e411d1e0bfa33d28c127d25fb334e182751d32,binário,,leitura automatizada de bytes; não revisão manual integral
icones3/Icon103_1.png,1199,d8253c72f9ff58b67ee588093e8b5ec42a96ac4297b49a54bdb80d3d29a4c2d5,binário,,leitura automatizada de bytes; não revisão manual integral
icones3/Icon103_1_2.png,1325,e6b91cac8429da84d296278d7e6fbf2d10f1e0deaf500a77b513174438f75e29,binário,,leitura automatizada de bytes; não revisão manual integral
icones3/Icon104_1.png,1208,b19b0759a4e48c38658f15f41407f29519c47865d970d8a7c91a0d512a731222,binário,,leitura automatizada de bytes; não revisão manual integral
icones3/Icon104_1_2.png,1342,dd01186ab487f7214ff469daf7220d0a3d5d62b99a35cd1e5f618db3d7020726,binário,,leitura automatizada de bytes; não revisão manual integral
icones3/Icon105_1.png,1163,e2ab967c7719c3aad04ccf076b1bc9336f725cedbe21c36bfe2ce0426a5f6d16,binário,,leitura automatizada de bytes; não revisão manual integral
icones3/Icon105_1_2.png,1257,f572a449eae88f0aa6d4001c786a78a6c17384fd4a35dac9e1de654ccc7744a6,binário,,leitura automatizada de bytes; não revisão manual integral
icones3/Icon106_1.png,1191,b056fda40f4b68ffb1a3cd5ec1ce0bd05937b5814b1ac20239365448aa53603d,binário,,leitura automatizada de bytes; não revisão manual integral
icones3/Icon106_1_2.png,1318,cb7bdb765d16427667bdb88183f57b169c028b053e7ce2133cba73867b5d0782,binário,,leitura automatizada de bytes; não revisão manual integral
icones3/Icon107_1.png,1115,a16a338efaaa74cb5ad78803b2363e183241a261dc6def3eb1b207de60f8da75,binário,,leitura automatizada de bytes; não revisão manual integral
icones3/Icon107_1_2.png,1222,a01bcd2e2b3a4a827d57a2ceec0fde5b4a232b2a89fb078de50c737b3d8e098a,binário,,leitura automatizada de bytes; não revisão manual integral
icones3/Icon108_1.png,1210,3d5f2fd1ed04a4d1bbce496f29ef9d46074c3a0122913467cb88ab02be137f02,binário,,leitura automatizada de bytes; não revisão manual integral
icones3/Icon108_1_2.png,1333,64252f5afd5d8725c12dc47df99be1f4a8156a1be8109cc7f17f966fee6edcf8,binário,,leitura automatizada de bytes; não revisão manual integral
icones3/Icon109_1.png,1217,983747f3dbbfcff3b03c98950267b31fe90e32525c7f3016eeb9a79d523679d4,binário,,leitura automatizada de bytes; não revisão manual integral
icones3/Icon109_1_2.png,1373,6ab93071c25f39171f6b598b5b0044d22dc61a13e56f26e6b23ff02e5ed022c2,binário,,leitura automatizada de bytes; não revisão manual integral
icones3/Icon10_1.png,1128,5f54dbf770e177c6d0c25a72700295473b6e5cd4371a3891814e04033d8cdced,binário,,leitura automatizada de bytes; não revisão manual integral
icones3/Icon110_1.png,1190,503212f23fefd97d07b1086d50d42366605a45eb685d48361fe002476480a4a7,binário,,leitura automatizada de bytes; não revisão manual integral
icones3/Icon110_1_2.png,1321,9bdbcbf56e3eb73c7800c1d0361f84ab945b73526327e3f22c52efa893d63b12,binário,,leitura automatizada de bytes; não revisão manual integral
icones3/Icon111_1.png,1206,bccc0f8c8f26c8e42b4aa716bfd1ea4ba9f5d118f77468d22325bc40b68166e6,binário,,leitura automatizada de bytes; não revisão manual integral
icones3/Icon111_1_2.png,1382,dd459f030b086849e202fd8744ba0ddd4388cf2044a519fa883f05e47907d8a7,binário,,leitura automatizada de bytes; não revisão manual integral
icones3/Icon112_1.png,1185,9176692a2fd76aed53cee2d5ea75ab6b86978f479c774864ebfb3fe59e52549f,binário,,leitura automatizada de bytes; não revisão manual integral
icones3/Icon112_1_2.png,1315,cee77e44a8e15335687266acf5852048261cf3230b90221a78e8a18b8866e9c2,binário,,leitura automatizada de bytes; não revisão manual integral
icones3/Icon113_1.png,1229,be592658d68c9059aaf6c5594135e7741508fd90974f994a927ecff87c2d2f3d,binário,,leitura automatizada de bytes; não revisão manual integral
icones3/Icon113_1_2.png,1378,86504c057be12354d3dae7081df4d8468aa516d8b9c21a1ab9fb7cca184852e4,binário,,leitura automatizada de bytes; não revisão manual integral
icones3/Icon114_1.png,1185,5ad28cecfbc2d3de44d56c44d062f8845c09b50aadeb703dd68096e691181939,binário,,leitura automatizada de bytes; não revisão manual integral
icones3/Icon114_1_2.png,1307,33881dcb52f90e28d408c578f31f7410b2b03df4ee961795525d823afbfe77fc,binário,,leitura automatizada de bytes; não revisão manual integral
icones3/Icon115_1.png,1089,8b933012d1a17cb65153358f9c256028903496197b82dda6a6820776ed842603,binário,,leitura automatizada de bytes; não revisão manual integral
icones3/Icon115_1_2.png,1185,5e7e9192ccb4249ec663aeba13ab2259f6f4c4c4904346f1857c4b611a71bbda,binário,,leitura automatizada de bytes; não revisão manual integral
icones3/Icon116_1.png,1209,fa61e53aced9b350fba7527ce919e35ece4de5056fbaa704f799db1a56fbe62c,binário,,leitura automatizada de bytes; não revisão manual integral
icones3/Icon116_1_2.png,1381,cb72b82482ffc1644adfc7385d66e89d38e3b7c9abb3055a7ba19408e6beda94,binário,,leitura automatizada de bytes; não revisão manual integral
icones3/Icon117_1.png,1115,1398e88143f002a4dcb5c7737b33a7d5c8412f228891855615d7fbe2acf533d7,binário,,leitura automatizada de bytes; não revisão manual integral
icones3/Icon117_1_2.png,1200,63b406f297e28058be375d57e62073f2a81ac2544067772aa381bbd02a237d29,binário,,leitura automatizada de bytes; não revisão manual integral
icones3/Icon118_1.png,1222,e1677af1fcecb009e8171104b01a04c95d6bf116ea899a1fdc23d9c5ff1a1b06,binário,,leitura automatizada de bytes; não revisão manual integral
icones3/Icon118_1_2.png,1407,6d0561e0311e125d63237756e620136be58ea9467ac3137a0292038a4e6fbc25,binário,,leitura automatizada de bytes; não revisão manual integral
icones3/Icon119_1.png,1176,26f0506fee87d98c35c914aa282275304bafbb262f5b7e5c974bc8eb0e74c57c,binário,,leitura automatizada de bytes; não revisão manual integral
icones3/Icon119_1_2.png,1280,e3aaaf2dfa9f7c63b3ea603b770d2d2d0523ca211edf1958a1b79cf95be869b9,binário,,leitura automatizada de bytes; não revisão manual integral
icones3/Icon120_1.png,1204,4f43a743b7b59f9df338ce43f9e3758d3fed5ebf4fea315e38157cb1e88d7648,binário,,leitura automatizada de bytes; não revisão manual integral
icones3/Icon120_1_2.png,1327,084192f6cf33238888670a0cbc683aeffcaa03b8a01d2ebaece5f0c039f28f87,binário,,leitura automatizada de bytes; não revisão manual integral
icones3/Icon12_1.png,1105,36526e174521ef22b5055281886f99f3b57dd47fb2dfd9e4301ea95222197736,binário,,leitura automatizada de bytes; não revisão manual integral
icones3/Icon15_1_2.png,1297,e461db60875fbf3a11c556a62e409abf1672cfb54ce47e5bb71e985452439ddf,binário,,leitura automatizada de bytes; não revisão manual integral
icones3/Icon16_1.png,1212,f70b20a5802ead9ae785e8cf2b6a0b252947e130a44cac37531b7290a094d1f6,binário,,leitura automatizada de bytes; não revisão manual integral
icones3/Icon1_1_2.png,1266,6441c055ae49bd682bb95be9e638d59f012b03b76196cdeb0a84be8faf201e5f,binário,,leitura automatizada de bytes; não revisão manual integral
icones3/Icon22_1_2.png,1343,a8d3f6039f7119c84483ae312d4cfd7facdf7900e17d3bbcdeb4209f31979e83,binário,,leitura automatizada de bytes; não revisão manual integral
icones3/Icon23_1_2.png,1435,90be687dccd76280c363ec30452a174fdb3a5c3154337543b718a965a6d902e2,binário,,leitura automatizada de bytes; não revisão manual integral
icones3/Icon32_1.png,1165,0fd7a4680b7a533fb7ab0fe58e141002b8c36c34d4960d4b78cf561be8699833,binário,,leitura automatizada de bytes; não revisão manual integral
icones3/Icon32_1_2.png,1259,fd0192213ab12bc1b853d8e2c99e866df9407b467ba9399cfcea1a447b651956,binário,,leitura automatizada de bytes; não revisão manual integral
icones3/Icon33_1_2.png,1345,4f2a5949f1185eb5917accc296b1f679bde60554088e009dbaf2a33850b4c2c6,binário,,leitura automatizada de bytes; não revisão manual integral
icones3/Icon34_1.png,1251,ee923ca396ae26c926d435321d03e94e2b2ec0c850c2f3dcd202015f744812dc,binário,,leitura automatizada de bytes; não revisão manual integral
icones3/Icon36_1.png,1203,06a1845b8d70fee26b7c4fc96c2f29738e6d42e6f7ef5a5d4aa2efeca2d55520,binário,,leitura automatizada de bytes; não revisão manual integral
icones3/Icon40_1_2.png,1325,e5045bf872653a6c1e2c91f765cc4a90ef0d88c7e948e2010cd8ad8162a39ecd,binário,,leitura automatizada de bytes; não revisão manual integral
icones3/Icon41_1_2.png,1256,ff2ff55fdfeefa383328a17fcb7d8807fcf3d011b95d0a8ee7e132586a886a24,binário,,leitura automatizada de bytes; não revisão manual integral
icones3/Icon48_1.png,1162,45a0a845d8a60d6bf3f66b4ea467c2ebcb381661abd54efa57a77f420f4d4f3a,binário,,leitura automatizada de bytes; não revisão manual integral
icones3/Icon48_1_2.png,1294,aa3272b1adaf84b2815191ecb1b329b3a6a3a47025ffecab620ccba872d67c36,binário,,leitura automatizada de bytes; não revisão manual integral
icones3/Icon49_1_2.png,1247,6711253187735aa677a3770a7ced96a6f7b6486c6a95f8307259d3cce97f2337,binário,,leitura automatizada de bytes; não revisão manual integral
icones3/Icon50_1_2.png,1217,f4a69e3de1fd6bf9fc80c114817e2328d35ff8cdcc26c476bf3dcf9a36640e73,binário,,leitura automatizada de bytes; não revisão manual integral
icones3/Icon51_1_2.png,1247,356f4a8b4b1444290976524136ef2732148f10c2187b265d47fa6c3012789e6a,binário,,leitura automatizada de bytes; não revisão manual integral
icones3/Icon53_1.png,1104,637c316057076b27ce8317c9b19d5e95c000e106467770690b0f4c781863af0f,binário,,leitura automatizada de bytes; não revisão manual integral
icones3/Icon55_1.png,1167,92d542a4069d5d08a38ec0d50589202113624866e4fb3185406d66a029632cb2,binário,,leitura automatizada de bytes; não revisão manual integral
icones3/Icon57_1.png,1120,4af4364e446aaca816293fd76bc294dd73f2b5ae972008a5efd21f1a9df19bb0,binário,,leitura automatizada de bytes; não revisão manual integral
icones3/Icon58_1_2.png,1209,4da73bb315aaa96a47830e3783d3e5cd3941cdb805470168b455999f652f8320,binário,,leitura automatizada de bytes; não revisão manual integral
icones3/Icon59_1_2.png,1238,2092c7ba9f15257df8de6c54468a9c9e77ed78249c4489424d2fe95c3dea554b,binário,,leitura automatizada de bytes; não revisão manual integral
icones3/Icon67_1_2.png,1399,b127c099788c196bbd25eb5258efee60049a22436fcb6b28d70ff5d90fdf34b7,binário,,leitura automatizada de bytes; não revisão manual integral
icones3/Icon68_1.png,1141,7c3e2ae464fcdf1d8276e462552bb573ffaa0130c604236a7862a01969a06a57,binário,,leitura automatizada de bytes; não revisão manual integral
icones3/Icon71_1.png,1191,be11e90763d525881eb731841276761d45fd212758d5f5751d6f7e9b596e9b91,binário,,leitura automatizada de bytes; não revisão manual integral
icones3/Icon73_1.png,1115,30544863f21f079fb92aecf27a072847369e3ef0f0c939ac113a2ed513f03139,binário,,leitura automatizada de bytes; não revisão manual integral
icones3/Icon77_1.png,1153,291961a8db69bb7795c477d7de8d5a73ba599e0328b0fdd0cf71e16b3b42bab0,binário,,leitura automatizada de bytes; não revisão manual integral
icones3/Icon77_1_2.png,1338,2ed5b7653006d5d4b26520c85cf328d77b531545d4acb46c5c5671ea22515dcd,binário,,leitura automatizada de bytes; não revisão manual integral
icones3/Icon83_1_2.png,1306,f5f51444cce269d27ea519ceae98417b92e2c2abce4afe38c3ac51034af36d26,binário,,leitura automatizada de bytes; não revisão manual integral
icones3/Icon93_1.png,1188,df38d1fc9d3de7a984e0f6ea2e6a40de4faf70d5c454d137aa818763b1d04021,binário,,leitura automatizada de bytes; não revisão manual integral
icones3/Icon93_1_2.png,1302,8ef20acfd21d2ec622e81ecfef02b0e3e36b853140beac1f0bdedd2ed053df35,binário,,leitura automatizada de bytes; não revisão manual integral
icones3/Icon95_1.png,1144,8d3bcc2b48e9b23ce78870de7ab89950c17364c837faa1a26f1083d456dbfefa,binário,,leitura automatizada de bytes; não revisão manual integral
icones3/Icon97_1.png,1200,c206f871f13b1ba6b99ccc3547f01275d1834d93e7d96be5b61e1173b2072823,binário,,leitura automatizada de bytes; não revisão manual integral
icones3/Icon9_1_2.png,1280,8047cd9cad8617a0b5ccc98fe3425318a2b4ea78dd4013e039e51a8be57cafdd,binário,,leitura automatizada de bytes; não revisão manual integral
icones3/Skill_icon1.png,1190,087e709f986365f20185f9655c9351ee747fb75f13f2f7e30dc1d3a4cc0cfe06,binário,,leitura automatizada de bytes; não revisão manual integral
icones3/Skill_icon10.png,1246,f76be2b8fcd53606d5c09b502b01877ea66e4ffba5aed82d4dacb10f900468ee,binário,,leitura automatizada de bytes; não revisão manual integral
icones3/Skill_icon11.png,1242,3c75f92c880145d07a73554db9b08e9683305dec894fdbd86158601efa729474,binário,,leitura automatizada de bytes; não revisão manual integral
icones3/Skill_icon12.png,1306,714e944a4dbf0828ab3c0e001a1e57f0927b60522fe860e1144bf1355b4e9229,binário,,leitura automatizada de bytes; não revisão manual integral
icones3/Skill_icon13.png,1246,d46fc041f8847584aad69c75913b7eae011e43e3db2a02d59b335b68d1153622,binário,,leitura automatizada de bytes; não revisão manual integral
icones3/Skill_icon14.png,1270,066fafc4f072dda60bf73d637fe0c7d6e62303af59f4a9f282289b478631203b,binário,,leitura automatizada de bytes; não revisão manual integral
icones3/Skill_icon15.png,1234,0a1cde7a557c2af49bae7fb782f103b0e3dd17e3e03b6d8e5191aaab64f2af2d,binário,,leitura automatizada de bytes; não revisão manual integral
icones3/Skill_icon2.png,1248,5382abe62bc6bdd50a83f80a9d8a16a4c894553bea332224913c460c1d01bfe3,binário,,leitura automatizada de bytes; não revisão manual integral
icones3/Skill_icon3.png,1268,db5dfc26a09c5ccc6315d16abfdf20cbfd5000c8fb97cca8790b2dbea90e3473,binário,,leitura automatizada de bytes; não revisão manual integral
icones3/Skill_icon4.png,1250,5079aef9c7c4954127c8b23a556f52a3924b5472ce366ff6e4dac300e7586214,binário,,leitura automatizada de bytes; não revisão manual integral
icones3/Skill_icon5.png,1208,5b047b4fea165d8f0866a66e153123c93c59989da3fb6d84d95753ade425b0b5,binário,,leitura automatizada de bytes; não revisão manual integral
icones3/Skill_icon6.png,1184,5b1c9d05544c85e3385f1448c44fa90065e07145e22a5c6de92e8a138375fabd,binário,,leitura automatizada de bytes; não revisão manual integral
icones3/Skill_icon7.png,1254,a495dae60ebc09a65a09e11ed0361f4aabe72f5f45599b463c0bbf68eb94d533,binário,,leitura automatizada de bytes; não revisão manual integral
icones3/Skill_icon8.png,1175,ed9b2296b406fa0f5b9d84867a326f7259527b7bc805438590e5a7f782432027,binário,,leitura automatizada de bytes; não revisão manual integral
icones3/Skill_icon9.png,1293,39c2053102c0850f208b6fa69f24c7f87c0292b3777a0d6d956a957c8b9a8c43,binário,,leitura automatizada de bytes; não revisão manual integral
index.html,8826,653c7b491a4c83fbad84dd34367b32be382f9aaa14be25a0c090e5cb6cc7c4fa,texto UTF-8,184,leitura automatizada de bytes; não revisão manual integral
inimigos/aranha.png,1053973,292ccb215b87cb83b8db7c157ad05b6fe6351aa3f3894ba4427d3ed8a5b97704,binário,,leitura automatizada de bytes; não revisão manual integral
inimigos/besouro.png,657867,155b8166541d7e81afdda59772e3a62d1241929f23b26a10da37f6aa2471f9bb,binário,,leitura automatizada de bytes; não revisão manual integral
inimigos/caranguejo.png,937781,9a295ff1d110f1b1925b6a9b9db59deaff77e92f18b652fcf6a7ff8a9f4c68d3,binário,,leitura automatizada de bytes; não revisão manual integral
inimigos/larva.png,557153,89077ab846b4ac6446a052771cdd14c0c1988caf652d5ed2a3300043ef46f84c,binário,,leitura automatizada de bytes; não revisão manual integral
inimigos/mantis.png,627964,514c8319032d2e973efb8bd8148b1815e3e1e231e05dbd7ea6d66205c9d70285,binário,,leitura automatizada de bytes; não revisão manual integral
inimigos/sauva.png,706662,30fd1cfe365d30ec65f0ef124f39a7ea89af53977cf9c9c48c34197ecfb71636,binário,,leitura automatizada de bytes; não revisão manual integral
inimigos/vespa.png,774197,569beb6b2bb321878cfca27829b4bba902f654f15448b1f1b6237d42fe9e7e0f,binário,,leitura automatizada de bytes; não revisão manual integral
installers/README.md,5197,f5d1d8601f949332f1d3fcefd91137d3d023a35b6d9a00d0862a5cc5fa79a9a3,texto UTF-8,88,leitura automatizada de bytes; não revisão manual integral
installers/THIRD_PARTY_NOTICES.md,1109,cda420f343cce6bd51f5182f8496dfbb277982918f75d93ec884322c43e0cd6c,texto UTF-8,13,leitura automatizada de bytes; não revisão manual integral
installers/android/app/build.gradle.kts,2034,344a70299db7ec26cb1975f4fdc6718db0c6f148fc2df799ef57d1885477fef0,texto UTF-8,61,leitura automatizada de bytes; não revisão manual integral
installers/android/app/src/main/AndroidManifest.xml,1150,75580c59b304e140ebfcd512a41616bb5096fadea178e1b8fba16b4d71623015,texto UTF-8,26,leitura automatizada de bytes; não revisão manual integral
installers/android/app/src/main/assets/licenses/MPL-2.0.txt,14656,1d115f4bc111f6f30cda0d73b61d536ab13536c04dd455663e3e261b87e2f2b6,texto UTF-8,193,leitura automatizada de bytes; não revisão manual integral
installers/android/app/src/main/java/com/feufeup/fumigagoat/MainActivity.java,16235,b18d77638f5fbcdd718fc919c2337fb55c71346699a4fe317a35aaa41a7d3bc0,texto UTF-8,378,leitura automatizada de bytes; não revisão manual integral
installers/android/app/src/main/res/drawable/ic_launcher.png,46151,dca6470e8a89db0fef7640deefd5a987e5156349178b0b8dcd7ff61b87456052,binário,,leitura automatizada de bytes; não revisão manual integral
installers/android/app/src/main/res/values/styles.xml,583,75729b2c1db00f4158984c76f8a8272a98d343bd74a4b20037282adf42e099ba,texto UTF-8,12,leitura automatizada de bytes; não revisão manual integral
installers/android/app/src/main/res/xml/network_security_config.xml,281,5a9374078edd678a7fa598bf124ec369db16217667e26f6f10d9a6de2880e85c,texto UTF-8,7,leitura automatizada de bytes; não revisão manual integral
installers/android/build.gradle.kts,75,089a923c7e9d84661f89edeb8f19900c2de3e63dffbde7decf7abb01e04821ff,texto UTF-8,3,leitura automatizada de bytes; não revisão manual integral
installers/android/gradle.properties,106,c3154e3d5f1a042cf9c144e754b436fd100b11dfa2a71a9a4fc5772f8f5c5661,texto UTF-8,3,leitura automatizada de bytes; não revisão manual integral
installers/android/gradle/wrapper/gradle-wrapper.jar,43583,2db75c40782f5e8ba1fc278a5574bab070adccb2d21ca5a6e5ed840888448046,binário,,leitura automatizada de bytes; não revisão manual integral
installers/android/gradle/wrapper/gradle-wrapper.properties,253,d7010368a34c1c06df2bae1a85d8b24c39b2499c74ac892fc7e66d005dbd7b8a,texto UTF-8,7,leitura automatizada de bytes; não revisão manual integral
installers/android/gradlew,8784,9cbbb4d68ff7fb5211c4d58f598ac9d8664c05fdcd1e5f59b7f2c3ac1ee00af0,texto UTF-8,252,leitura automatizada de bytes; não revisão manual integral
installers/android/gradlew.bat,2894,0f3ed8f03b50934cb8c48b15a470d5c20a30a5385825e48b55bcc8ea3d8f8e18,texto UTF-8,94,leitura automatizada de bytes; não revisão manual integral
installers/android/keys/README.md,1016,c8c2322aa9b1bc9bf8283d3a13dbe7c8b3d06a10200b9d97b1692d721663c112,texto UTF-8,18,leitura automatizada de bytes; não revisão manual integral
installers/android/keys/fumiga-release-public.pem,1746,1bb7f74ede0d5d0af34261ac57278769cc2b58331a856fb66314f7923d9a0f57,texto UTF-8,30,leitura automatizada de bytes; não revisão manual integral
installers/android/settings.gradle.kts,398,89cb1d09b93ff8283740da850e399f1edf6e2b7968e74e144f5a4ab56756d90d,texto UTF-8,19,leitura automatizada de bytes; não revisão manual integral
installers/windows/icon.ico,173829,0bff598513bcaf04fa4eda75782f3daafd73b67512116386bee80b8bdd2d81d8,binário,,leitura automatizada de bytes; não revisão manual integral
installers/windows/main.cjs,3951,e9f3738c2431756533dcc65f5316eb29210fd3516c42e43cec575c715e853c8b,texto UTF-8,127,leitura automatizada de bytes; não revisão manual integral
installers/windows/package-lock.json,127599,5304eb607bb59b3d182083789e173cd7575da3c8f1f3fba1784b33b7f0411cfe,texto UTF-8,3601,leitura automatizada de bytes; não revisão manual integral
installers/windows/package.json,1346,545e1249cddfe85e37cc6d4d68c5df815e74e9bdec5fec4ef5634ce29649d9bf,texto UTF-8,55,leitura automatizada de bytes; não revisão manual integral
manifest.webmanifest,899,9829e31e4229271c94effc148453ea029d9ed236da7245679e0e1e977543466b,texto UTF-8,21,leitura automatizada de bytes; não revisão manual integral
package-lock.json,1214,1c08f3dae8fe71f3c1ec7d097efadbac2134d5bd1356f459ae387a6d74efd8d6,texto UTF-8,46,leitura automatizada de bytes; não revisão manual integral
package.json,1185,d5874361f32bc44a740bb7e9060704b8c6bf46247fb0a2be004aabc74b79a5c3,texto UTF-8,30,leitura automatizada de bytes; não revisão manual integral
pedras/Rock3_1.png,3225,28a534dd05d197f2fe1c8a00626f1d940aecc66e51e047cc825353c0b01b14b0,binário,,leitura automatizada de bytes; não revisão manual integral
pedras/Rock3_1_no_shadow.png,3317,490ce4288b7b878d46cc9ff63177cf7ab98b5fe59d5fc6d7fec359b68f792cb7,binário,,leitura automatizada de bytes; não revisão manual integral
pedras/Rock3_2.png,3454,4d28c33f93bdd95691d270f1fca99d2c19c1acb5c67cd3ea5ffcfc300b41709e,binário,,leitura automatizada de bytes; não revisão manual integral
pedras/Rock3_2_no_shadow.png,3314,1845dcea8edf77dd6f4bcabeb1b840f82d91d89e1dea0d25f628aae23da159ec,binário,,leitura automatizada de bytes; não revisão manual integral
pedras/Rock3_3.png,2351,8b52d0d7a9f82c4d77e204bf206b89d6ff48385fe37a598d5dc7a17d5158d2a8,binário,,leitura automatizada de bytes; não revisão manual integral
pedras/Rock3_3_no_shadow.png,2446,4ae8140fc593f09384a03a761913df36359d70e46326eed1e7a6c70adc13d36b,binário,,leitura automatizada de bytes; não revisão manual integral
pedras/Rock3_4.png,1994,6401bc3770a4502f971dc949437a2a757d1f91748bea6a6b729c77cb637a71d9,binário,,leitura automatizada de bytes; não revisão manual integral
pedras/Rock3_4_no_shadow.png,2174,98234e51b9b8c91c659e22ad9479397e687dcc33646b4ad44aa5fd1f6dc2fffa,binário,,leitura automatizada de bytes; não revisão manual integral
pedras/Rock3_5.png,1716,86bc8597063215f703261a0a98ae998325e1b631530eadf10f6df8923bed77d9,binário,,leitura automatizada de bytes; não revisão manual integral
pedras/Rock3_5_no_shadow.png,1895,65d893a47178cecaa568fc5b1ee18f4ae7d3393689b9cc2f48a3a74b290f8285,binário,,leitura automatizada de bytes; não revisão manual integral
pedras/Rock5_1.png,2961,00160514c3bc3e637a57ff1005320b678d193b7583b2bd55a4b38d2777edc945,binário,,leitura automatizada de bytes; não revisão manual integral
pedras/Rock5_1_no_shadow.png,3044,61d94e77923d0710dd5f9da009bd40f18c083088c2eaf4b4287d2b048b03e10d,binário,,leitura automatizada de bytes; não revisão manual integral
pedras/Rock5_2.png,2881,9838044e6fbb2cbc408639853b5036176408cc65538cbfdedb15e7ae9888130e,binário,,leitura automatizada de bytes; não revisão manual integral
pedras/Rock5_2_no_shadow.png,2965,f99dd41ad804018003bdd81b5433971ed46881e5791b921ba91ef240b83de12d,binário,,leitura automatizada de bytes; não revisão manual integral
pedras/Rock5_3.png,2106,7343513ca757c29c050ce92aab8200f2ffbfb20ed88ea237f7f5f2b248b11da0,binário,,leitura automatizada de bytes; não revisão manual integral
pedras/Rock5_3_no_shadow.png,2219,18570049161a21dbc8b35fb45a0c4e4677bf0f77faeb92dadae715d9e307f0ec,binário,,leitura automatizada de bytes; não revisão manual integral
pedras/Rock5_4.png,1904,d4bfbca3f7d40cd14caea23d1a6706eb6e3e8db441ca966055362f0b90028007,binário,,leitura automatizada de bytes; não revisão manual integral
pedras/Rock5_4_no_shadow.png,2070,cff14983be9b1dfcd466684ce56727dfc708903b1bbd5f2594195e98a9611867,binário,,leitura automatizada de bytes; não revisão manual integral
pedras/Rock5_5.png,1667,591c79a3b55f201b1e2bd164120d07f1336689f6ef9a715bcc10aae654da3e93,binário,,leitura automatizada de bytes; não revisão manual integral
pedras/Rock5_5_no_shadow.png,1837,acb2869ceb543beb334a863ba720a8ff479c7837cac9cdb52eafc71246e53a8e,binário,,leitura automatizada de bytes; não revisão manual integral
pedras/Rock5_grass_shadow1.png,3225,73c761d03a905568ff298f5ea29f6804ffe30a8fd36a82d0ee100369d50e95da,binário,,leitura automatizada de bytes; não revisão manual integral
pedras/Rock5_grass_shadow2.png,3013,9f1ff283888116c01d34810570eb1929290984a32b67889d0934b74cf52fe708,binário,,leitura automatizada de bytes; não revisão manual integral
pedras/Rock5_grass_shadow3.png,2179,cc55ca86bc4fb285495c513bc1c3da8443ca8dcbc9f948ccaa411cc3c892ca79,binário,,leitura automatizada de bytes; não revisão manual integral
pedras/Rock5_grass_shadow4.png,1989,1088d95a81cb05802fe487b6996344f3169f34b984ce1a5aa1d389faffd9f647,binário,,leitura automatizada de bytes; não revisão manual integral
pedras/Rock5_grass_shadow5.png,1715,b6cd057cfdb2a86d3729a680ef74a1c4b46c13aa213e52ce63b926800fa2f11e,binário,,leitura automatizada de bytes; não revisão manual integral
pedras/Rock5_grass_shadow_dark1.png,1812,9c1e0ca55d437a7152561c8fec43445cdce49ab1689b483c7a1c73dec2b2c8bb,binário,,leitura automatizada de bytes; não revisão manual integral
pedras/Rock5_grass_shadow_dark2.png,1454,0b7b42474b6db5270367c48390c2447646a608c704d7785ffa7eee81a573501e,binário,,leitura automatizada de bytes; não revisão manual integral
pedras/Rock5_grass_shadow_dark3.png,839,9db502269022f3cb521237e4535bdc7ce7c37c1f473d93ed2be46856aa67d80f,binário,,leitura automatizada de bytes; não revisão manual integral
pedras/Rock5_grass_shadow_dark4.png,734,bbb629235a6d0bd37080f5e2e79be0d64d158eacb679c7e01098fa7de8e0e82f,binário,,leitura automatizada de bytes; não revisão manual integral
pedras/Rock5_grass_shadow_dark5.png,394,de742de915a1c5ce818db4b90faa51767a5431f22d6ea3652b3ff9f4d2171764,binário,,leitura automatizada de bytes; não revisão manual integral
pedras/Rock6_1.png,3021,a404f25a0f43c674987a1ca08e209298631f331e342325b21bd6a17d7a045e5c,binário,,leitura automatizada de bytes; não revisão manual integral
pedras/Rock6_1_no_shadow.png,3083,ba9dc8d3adec1e544d1cbf637b1e470e8b7194cf92d914850285131eeb1bb12d,binário,,leitura automatizada de bytes; não revisão manual integral
pedras/Rock6_2.png,3122,bac0e4c7cf15a305162f72ea2be2165c8b5323482400d76b8af66326b6907c87,binário,,leitura automatizada de bytes; não revisão manual integral
pedras/Rock6_2_no_shadow.png,2969,91910d472dc47d98eff167311acb4515648980187f84790d1941ad135bcdfd0a,binário,,leitura automatizada de bytes; não revisão manual integral
pedras/Rock6_3.png,2105,a8e8e225710e588185dd75c7855975493378b629e83ab0ab8ed21215b0ffca92,binário,,leitura automatizada de bytes; não revisão manual integral
pedras/Rock6_3_no_shadow.png,2268,9cfd50cacd882734a41fb1c4abd8f91a848146e35fc34f1042836d6d9aa43c15,binário,,leitura automatizada de bytes; não revisão manual integral
pedras/Rock6_4.png,1970,d54f4d8a7d5b716d6a226537180d08967149e963378a303036eab7fa8750fbd5,binário,,leitura automatizada de bytes; não revisão manual integral
pedras/Rock6_4_no_shadow.png,2099,c4c59026b621db1f0d6d44027e85ac6e4dfce755244968cce175ddb358d5813f,binário,,leitura automatizada de bytes; não revisão manual integral
pedras/Rock6_5.png,1681,61ccc35eb77f23e42452e6604baffc7c591ff5a389459e5d2b9dcf6d93f9ac92,binário,,leitura automatizada de bytes; não revisão manual integral
pedras/Rock6_5_no_shadow.png,1856,b3111be62b546a5b0a5a04424a95b3039b4e57beb2c9de5f3ba3fbaa22f1db5a,binário,,leitura automatizada de bytes; não revisão manual integral
pedras/Rock6_grass_shadow1.png,3248,262b70a33bdc06add22644fe1b775f8fd0fb5ded31acf07e0b34ee9df0243829,binário,,leitura automatizada de bytes; não revisão manual integral
pedras/Rock6_grass_shadow2.png,3327,1cc2f234ee18c9238816471ebdd4175556966d391c0a3b4bf9cf2823446f5be8,binário,,leitura automatizada de bytes; não revisão manual integral
pedras/Rock6_grass_shadow3.png,2172,3f4860b3f9c52cc0eb4998df62961901efbd1a2ef087363be9e9d949fa03f264,binário,,leitura automatizada de bytes; não revisão manual integral
pedras/Rock6_grass_shadow4.png,2058,0a4f9019fa4aa3a3b435f46072147f3cc4b74a97202bc89cf4ff9207f02a5547,binário,,leitura automatizada de bytes; não revisão manual integral
pedras/Rock6_grass_shadow5.png,1774,c4e396973ee2d78a56c290386f43fa8413a782800eaf44cb3e1889a02f3e4718,binário,,leitura automatizada de bytes; não revisão manual integral
pedras/Rock6_grass_shadow_dark1.png,1908,f8483b870f38899503f4f42394b5703ce00b7ff270814d6bf285c1885000a655,binário,,leitura automatizada de bytes; não revisão manual integral
pedras/Rock6_grass_shadow_dark2.png,1561,a397233c270e9f65b2be45a26e9cc33207b7352c58f0a05ac80425cda16b1c16,binário,,leitura automatizada de bytes; não revisão manual integral
pedras/Rock6_grass_shadow_dark3.png,866,c2c9c60f8ad1451070aebd98a55facec09b23f61b2aa4c1151e03d3495b940c4,binário,,leitura automatizada de bytes; não revisão manual integral
pedras/Rock6_grass_shadow_dark4.png,786,5976bc4f1c099e643b4adbe1f5b689ad92ca179b15f7ef90a9ea05900ab4dc14,binário,,leitura automatizada de bytes; não revisão manual integral
pedras/Rock6_grass_shadow_dark5.png,424,6d59ec1cea737cd38e30770f2ccfaf4d7c714de95e9ef3d5324b6802d1518da3,binário,,leitura automatizada de bytes; não revisão manual integral
pedras/Rock7_1.png,3198,765b55e79edc1706d3d4469dcef7f0e9c2c551ea1ac0eb477140bab253fd7bce,binário,,leitura automatizada de bytes; não revisão manual integral
pedras/Rock7_1_no_shadow.png,3285,3ec5b73bf5ce32547c39d4f7633c30f8f01b4ffd50f5ebfe146835884b647872,binário,,leitura automatizada de bytes; não revisão manual integral
pedras/Rock7_2.png,3034,88b45a86c2f035fbd4d2db1462dfed47bb9b52b15ac18e0d54961ff6a9e8ccd9,binário,,leitura automatizada de bytes; não revisão manual integral
pedras/Rock7_2_no_shadow.png,2939,28f4cc4b2f93c204effc751c0272ebaa5b01b0dc3c4a37ae1bf912a0a04a4b98,binário,,leitura automatizada de bytes; não revisão manual integral
pedras/Rock7_3.png,2008,38f1c4a19ce9e00af0d991e15a899012906e80c5b662750ac55418e6ddacd367,binário,,leitura automatizada de bytes; não revisão manual integral
pedras/Rock7_3_no_shadow.png,2147,46782699aee1848edbf938773a6b004fe9893fb3ee841df5ae20d055388d7d94,binário,,leitura automatizada de bytes; não revisão manual integral
pedras/Rock7_4.png,1777,265c6083a16103cdb0e0ef5e778cf772c8c023529caa10439e42e887c82bc356,binário,,leitura automatizada de bytes; não revisão manual integral
pedras/Rock7_4_no_shadow.png,1929,6ce7ad0a25789c698127f37ba9f2dc8f89c0c75d5a6c1fd78546185c0bfa4f32,binário,,leitura automatizada de bytes; não revisão manual integral
pedras/Rock7_5.png,1608,7fdb9fc9c61f9b34c62a0082428183ce9b32baa8b1eab54eb05ed26fe569fc76,binário,,leitura automatizada de bytes; não revisão manual integral
pedras/Rock7_5_no_shadow.png,1781,db8320a0d335dad453daa8341100ce6d099f5686280b5134f2dc52587ce574ff,binário,,leitura automatizada de bytes; não revisão manual integral
pedras/Rock7_water_shadow1.png,3676,4f9dbe96241cd9021115353645c93033d59e87a6e5e83590e5b71bf62c434ba2,binário,,leitura automatizada de bytes; não revisão manual integral
pedras/Rock7_water_shadow2.png,3517,577495037e60064a564b79020fd049f11adb0b42d1bd588338ff0c8fe624b35c,binário,,leitura automatizada de bytes; não revisão manual integral
pedras/Rock7_water_shadow3.png,2237,3c7abf288c0a134e316a6dc3a4ea085a64dfecaf2788c59f85bc0bbf9ab52246,binário,,leitura automatizada de bytes; não revisão manual integral
pedras/Rock7_water_shadow4.png,1921,8092fd65361c52de34cf565192c04df98c57ff7210f7d0a59a510f6a68c1de14,binário,,leitura automatizada de bytes; não revisão manual integral
pedras/Rock7_water_shadow5.png,1708,07ed7c84c5872197393bc2df786c31a6f29640a9d297c136e7f6df8f72e1ffb5,binário,,leitura automatizada de bytes; não revisão manual integral
pedras/Rock7_water_shadow_dark1.png,2331,11a6d23503ac70c72e9a5a971ee95476364123d1d3bc774edaf4a31b66e4a00e,binário,,leitura automatizada de bytes; não revisão manual integral
pedras/Rock7_water_shadow_dark2.png,1736,6b472cd3433a7334d1d50bd1b2189050b72e7db195e3f903ac54e0bc85791633,binário,,leitura automatizada de bytes; não revisão manual integral
pedras/Rock7_water_shadow_dark3.png,900,1e30450edf02fb2e09be1762e9a4ce0c08e0def7abdb48ba1904b6d84107b5a0,binário,,leitura automatizada de bytes; não revisão manual integral
pedras/Rock7_water_shadow_dark4.png,584,0ca70258f40f26c4177fb492a6071c62af5bc585493b079763c20b5b04d0f49a,binário,,leitura automatizada de bytes; não revisão manual integral
pedras/Rock7_water_shadow_dark5.png,363,ae14e9036aabdd7647f1574dd9bfb373e8bed41c7901352796ee7d9d83cd3ef1,binário,,leitura automatizada de bytes; não revisão manual integral
pedras/Rock8_1.png,3787,a180651f9cbed090b54b8ca0628b14346a34953cd8ed6d3de5aaf7aaaace9ece,binário,,leitura automatizada de bytes; não revisão manual integral
pedras/Rock8_1_no_shadow.png,3796,15e3b4490a83cd3ac5aac69f4fc8c3f9f90689e3198d8726c523dce3a7c21b76,binário,,leitura automatizada de bytes; não revisão manual integral
pedras/Rock8_2.png,3290,f9facdf9f5451a3c135d84e6873fb55bd75eeae814ea12e1e0a942606d982ca0,binário,,leitura automatizada de bytes; não revisão manual integral
pedras/Rock8_2_no_shadow.png,3283,4bc5fdb83ec30545cb9e9fb03bc4d027a2e4dd7dc6c9609d58cb0f2e5a5e0362,binário,,leitura automatizada de bytes; não revisão manual integral
pedras/Rock8_3.png,2252,adfdae82a759a820b5f3ead74026aa0127264666648d838ba4eb5762de2bc075,binário,,leitura automatizada de bytes; não revisão manual integral
pedras/Rock8_3_no_shadow.png,2349,bdd069f8c68eff05e94a028f9f64321e0163e6c11dd170e90bb2ffe982ba44d7,binário,,leitura automatizada de bytes; não revisão manual integral
pedras/Rock8_4.png,2271,a81872e2f14a5a3795760f92a52e8ad667ccff3831c63ca6775596731a5e0a1d,binário,,leitura automatizada de bytes; não revisão manual integral
pedras/Rock8_4_no_shadow.png,2388,82b6dbf6b8ebcb07a16b33375915a7eff31b4f1952e5402d3481fae30b0ae8ae,binário,,leitura automatizada de bytes; não revisão manual integral
pedras/Rock8_5.png,1791,02f32ec17008fbd96e39a97dcc53300ac7280f1b99a4fd43168a2434f9910258,binário,,leitura automatizada de bytes; não revisão manual integral
pedras/Rock8_5_no_shadow.png,1938,932f08abfa0df0701b51879e375eb81352bca266b9d3d75e4d6841f124b93476,binário,,leitura automatizada de bytes; não revisão manual integral
pedras/Rock8_ground_shadow1.png,4006,a9a779bdddc186e63e8edc524060288416760af091ffcd478ea890777182007a,binário,,leitura automatizada de bytes; não revisão manual integral
pedras/Rock8_ground_shadow2.png,3377,bd1e0d06a2c9e41af4953cfcba9ad40098f2faece2906b5d5ce1e382bfb9fa3c,binário,,leitura automatizada de bytes; não revisão manual integral
pedras/Rock8_ground_shadow3.png,2298,195f9aeb8a8824551d91d28889e37a73eaaf7551bd4a06f8f810d9fa4d4aad7d,binário,,leitura automatizada de bytes; não revisão manual integral
pedras/Rock8_ground_shadow4.png,2338,3feead6f1121810d330f987100af5ac1fe2e28689bc6d7a0cf36faddf8c3b8be,binário,,leitura automatizada de bytes; não revisão manual integral
pedras/Rock8_ground_shadow5.png,1849,20d829b6c3637afa88f6fc29d925cb4ddc53a3d9c0630ed88755f22f7bd971cc,binário,,leitura automatizada de bytes; não revisão manual integral
pedras/Rock8_ground_shadow_dark1.png,2759,2ed6e8b828f02d5f1b026922a8908550e86a143d159236bf0b1f90093776f7ab,binário,,leitura automatizada de bytes; não revisão manual integral
pedras/Rock8_ground_shadow_dark2.png,2285,753cb06e7f128734173d039139f41f8ee5b97e0b3c1141a16f1b775ce67ab1dd,binário,,leitura automatizada de bytes; não revisão manual integral
pedras/Rock8_ground_shadow_dark3.png,983,fdd895d70bc8997b98cf0a681223a3035e8af141e56ae7d700cfb386b68e3679,binário,,leitura automatizada de bytes; não revisão manual integral
pedras/Rock8_ground_shadow_dark4.png,1084,00a3da04114ee363485c67a4453057ad8db499f6ac08f53ea846ac362ef775d4,binário,,leitura automatizada de bytes; não revisão manual integral
pedras/Rock8_ground_shadow_dark5.png,550,ab9077091cf4cee5df6f877037d74ddd5b27ac1fd04f4329680d1b8b2f07d064,binário,,leitura automatizada de bytes; não revisão manual integral
pedras/Rokc3_snow_shadow1.png,3416,6379697dafe8a4588a73aa89d98e369876c2001a79ccf404da4f94c0b3dbe118,binário,,leitura automatizada de bytes; não revisão manual integral
pedras/Rokc3_snow_shadow2.png,3618,f6d26a4332d2bd536cb74190c40959b0ea27144e1aed209225a1ca285bf16558,binário,,leitura automatizada de bytes; não revisão manual integral
pedras/Rokc3_snow_shadow3.png,2349,7939cb20b1c5707c988322dc4d9eb36ffac54cbfb846e116c46d7f3e63dbc374,binário,,leitura automatizada de bytes; não revisão manual integral
pedras/Rokc3_snow_shadow4.png,2068,65fd1e9dafe763f97f302c18590f66818a7a79d733eedaf0e599e8ffca97d157,binário,,leitura automatizada de bytes; não revisão manual integral
pedras/Rokc3_snow_shadow5.png,1745,c8e3d85a4a5fff2359fb1640fcbc60a5b30b1ca0cebe8b5acc72ba4e2642277d,binário,,leitura automatizada de bytes; não revisão manual integral
pedras/Rokc3_snow_shadow_dark1.png,2083,a070a9f2beec49915dc52add2aed6d777ad0365328d3b662ea89ede68d87beb8,binário,,leitura automatizada de bytes; não revisão manual integral
pedras/Rokc3_snow_shadow_dark2.png,1891,c0abbf5db6ba8b3926abbfcb6c16fce2feb5865ed210f8efba13ccf165aaa0c8,binário,,leitura automatizada de bytes; não revisão manual integral
pedras/Rokc3_snow_shadow_dark3.png,1060,495529fa44f2fd600584d6939eeb4b92d1faca98c200b7ae9396d8c0cf99c454,binário,,leitura automatizada de bytes; não revisão manual integral
pedras/Rokc3_snow_shadow_dark4.png,731,288be7c0ae0353498baf9abf813738c9321bf36a7fcff252e73ed629f9eb782c,binário,,leitura automatizada de bytes; não revisão manual integral
pedras/Rokc3_snow_shadow_dark5.png,422,f5b360adf8df56c5661a6f077e74a57f411a6e043b0a71ace4f1269490a342c5,binário,,leitura automatizada de bytes; não revisão manual integral
pedras2/Rock1_1.png,2918,9501927da6bb89bab2cc30c371ce1bb25f3698c3f55676015612d54d7fd9164d,binário,,leitura automatizada de bytes; não revisão manual integral
pedras2/Rock1_1_no_shadow.png,3008,f1490be104ba6dd010832adf10922b4d9095001708290a6d45702f6efc806cb2,binário,,leitura automatizada de bytes; não revisão manual integral
pedras2/Rock1_2.png,2886,8f7a88e2b1cc23d88ca97dbd4b6145a1afb6d5a3bc530f6b90b65dee1f417569,binário,,leitura automatizada de bytes; não revisão manual integral
pedras2/Rock1_2_no_shadow.png,2814,0a1ce0417d7d6211cbfe8ab34d0cb4dd1c5565c4e89823e87657d4d1c2ab5ef1,binário,,leitura automatizada de bytes; não revisão manual integral
pedras2/Rock1_3.png,2064,abaf6a615e57edcd8e11420cb08746d56c4f5537551ec353349467d287d658b0,binário,,leitura automatizada de bytes; não revisão manual integral
pedras2/Rock1_3_no_shadow.png,2233,a2cb22882a95976457c1b9999d1032e08973faef5edc0bfe8b1963c7f49c7836,binário,,leitura automatizada de bytes; não revisão manual integral
pedras2/Rock1_4.png,1847,5d6436efad99b2261a490072b39b5948403e856dac272bcb96138ebc7b2af411,binário,,leitura automatizada de bytes; não revisão manual integral
pedras2/Rock1_4_no_shadow.png,2017,f8f163fc80ec278dc6b18e55046ae0960e5cd4ab2cdc7d56b9555314fe098fbe,binário,,leitura automatizada de bytes; não revisão manual integral
pedras2/Rock1_5.png,1670,2bf2cbb3b9b7dbddc73858c51c87f6a71d3c4dc65f59368befd84ce8a3fc7c2c,binário,,leitura automatizada de bytes; não revisão manual integral
pedras2/Rock1_5_no_shadow.png,1861,16fa4bdd409ea22f2584ed910cdb6305f307b5112554d652f65359fe4777beb6,binário,,leitura automatizada de bytes; não revisão manual integral
pedras2/Rock1_grass_shadow1.png,3031,bf534dd892d4286cbf595cf969387acb97aca8d9578c6813e9e7e72d9dcc8311,binário,,leitura automatizada de bytes; não revisão manual integral
pedras2/Rock1_grass_shadow2.png,2990,71948d28e3e542e90f8b0feb56306ba6a70a495f2224081d94530567e3df7312,binário,,leitura automatizada de bytes; não revisão manual integral
pedras2/Rock1_grass_shadow3.png,2144,ff7b98a7d0d2ca02b9b0c8018e65cf250beba3efb9f4f9098136b3e0955245a7,binário,,leitura automatizada de bytes; não revisão manual integral
pedras2/Rock1_grass_shadow4.png,1895,72d9d4735154e0b18ecbe1fb55264004c472b53d058ef8a4930273612a7a3d58,binário,,leitura automatizada de bytes; não revisão manual integral
pedras2/Rock1_grass_shadow5.png,1740,7753bcb59a7e1bd1686a3903afa87072fd32c6f2ede9d0d53e10a9413c58e932,binário,,leitura automatizada de bytes; não revisão manual integral
pedras2/Rock1_grass_shadow_dark1.png,1670,f32ceadb2c5dd7864e5acbbcfad7a0bedbbdd2e70aecdafc3b8e56853fb87a4d,binário,,leitura automatizada de bytes; não revisão manual integral
pedras2/Rock1_grass_shadow_dark2.png,1247,6a04856caad2ef5c56ff9d40358372cd058debca66ac6cba4505897759a679a3,binário,,leitura automatizada de bytes; não revisão manual integral
pedras2/Rock1_grass_shadow_dark3.png,925,ff9153c3a8f3362d668ad0c41c213c99e41dffb290ee560985b6fab7215c36ae,binário,,leitura automatizada de bytes; não revisão manual integral
pedras2/Rock1_grass_shadow_dark4.png,589,08914b7c5c5017b7dacecb083dcda78690f7cfe77b6f33fecb103aa8399dae1c,binário,,leitura automatizada de bytes; não revisão manual integral
pedras2/Rock1_grass_shadow_dark5.png,373,0712cc9805d80dbc86f5415046f63bc33741a2db7facd01a18a0c2e873f63b87,binário,,leitura automatizada de bytes; não revisão manual integral
pedras2/Rock2_1.png,3134,1f60d007eff34314498a1217d1e14ff8989928058b1f581a11574dbcc335cb70,binário,,leitura automatizada de bytes; não revisão manual integral
pedras2/Rock2_1_no_shadow.png,3254,8020e0d87355620cf85914267b9397ad7d4f80eed714903b06cf7abaa126e994,binário,,leitura automatizada de bytes; não revisão manual integral
pedras2/Rock2_2.png,3177,3d16ef9982748edda154e9d6d43cad6a32c5376b1ac0f9ae39adc2bde59569d4,binário,,leitura automatizada de bytes; não revisão manual integral
pedras2/Rock2_2_no_shadow.png,3086,a5a8b382d52c3f54c862f7d51caa97ae98e9ec540883c056c9aa69dc1d2dd89b,binário,,leitura automatizada de bytes; não revisão manual integral
pedras2/Rock2_3.png,2128,2e581a6a5a999d793bc2dce07ba90a9e86a630b449e94e07ae8943626e83b075,binário,,leitura automatizada de bytes; não revisão manual integral
pedras2/Rock2_3_no_shadow.png,2299,50ef3b7ed37f6a354e1773df0b80ad0573de890054a138137fbb1d1f6b75ebb9,binário,,leitura automatizada de bytes; não revisão manual integral
pedras2/Rock2_4.png,1800,d352180f62cce757c40f750c893548a0ac86d5d8964cfd04053a9384807011c2,binário,,leitura automatizada de bytes; não revisão manual integral
pedras2/Rock2_4_no_shadow.png,1961,dd3d005e930aeaec508d273a1340796064c8af0b84061f61325e8a6a78e125db,binário,,leitura automatizada de bytes; não revisão manual integral
pedras2/Rock2_5.png,1648,2259104e3ae14646e968873443912156ec40a53985278f29d96f7495a7462636,binário,,leitura automatizada de bytes; não revisão manual integral
pedras2/Rock2_5_no_shadow.png,1831,f9398c9193cdf8ca504283021a9065bbe72d8580100a22e4d836867ceccfea37,binário,,leitura automatizada de bytes; não revisão manual integral
pedras2/Rock2_grass_shadow1.png,3312,c130f8bf28f56c5fc7da74cb813d37e7d3147f4fe6cf695033bb80751a30321e,binário,,leitura automatizada de bytes; não revisão manual integral
pedras2/Rock2_grass_shadow2.png,3267,8b780d61c531361f72c28b2a58931c8aef9238106b06b08a87301402b51ba817,binário,,leitura automatizada de bytes; não revisão manual integral
pedras2/Rock2_grass_shadow3.png,2269,4a7cb8981bbdb2b3631b40a87c1a87ecac3dd6393ebcf1a1360c03e498fbb712,binário,,leitura automatizada de bytes; não revisão manual integral
pedras2/Rock2_grass_shadow4.png,1827,2da15850f625ad4010d6311a1633823aedd056c429418ca0378641be18d5b16b,binário,,leitura automatizada de bytes; não revisão manual integral
pedras2/Rock2_grass_shadow5.png,1682,7041a541fcddfb3d2cb96f2d0a4570159f31f309265b8daae07f02e80150632a,binário,,leitura automatizada de bytes; não revisão manual integral
pedras2/Rock2_grass_shadow_dark1.png,1992,a239fb74e7fda4a07388f7947b068bd1722c95fb0d8a48f78e2739f2a94c144c,binário,,leitura automatizada de bytes; não revisão manual integral
pedras2/Rock2_grass_shadow_dark2.png,1499,8f2f4a9507daa03719d2d2d99f9224d237e53d737f03252c59c171e15f7e0e0d,binário,,leitura automatizada de bytes; não revisão manual integral
pedras2/Rock2_grass_shadow_dark3.png,885,8a86eeda3279de2e16423417c3d3c1455d6a9d69379e93851dfee2926a256aa7,binário,,leitura automatizada de bytes; não revisão manual integral
pedras2/Rock2_grass_shadow_dark4.png,501,3a927021b345946221526c78093d69e783de6a39a004cc8d5e78f60123a20c3b,binário,,leitura automatizada de bytes; não revisão manual integral
pedras2/Rock2_grass_shadow_dark5.png,347,ca61ead43c9f78c8085bd78fe7882d310350085c4e88559ba8447d7015a6e538,binário,,leitura automatizada de bytes; não revisão manual integral
pedras2/Rock4_1.png,3604,6b3eab747d8352abba0461215641eea7260382c26a7f90b78d8abe63a970c7e9,binário,,leitura automatizada de bytes; não revisão manual integral
pedras2/Rock4_1_no_shadow.png,3607,1808bc8745b51d3cb9fb94edba6056d074a67db2f8943b266bfb7d738172c4f5,binário,,leitura automatizada de bytes; não revisão manual integral
pedras2/Rock4_2.png,3404,b921ff8ed9d21c4435824aa31eb01a02fa233dff5a4024704a745b60b8f9d523,binário,,leitura automatizada de bytes; não revisão manual integral
pedras2/Rock4_2_no_shadow.png,3288,c316a2e4f7ce10946eac17d6c3e9b70a5def343051b7f2838915cf1a572171ba,binário,,leitura automatizada de bytes; não revisão manual integral
pedras2/Rock4_3.png,2397,2891febc78f1503e7567103becc9b1d3ac9f5e1efee2bda17be8e94c55ae0594,binário,,leitura automatizada de bytes; não revisão manual integral
pedras2/Rock4_3_no_shadow.png,2568,a1c7005b760e6f598959d57fa0536add8e4edc23cbaf7ecfa3feae3b6013d6ad,binário,,leitura automatizada de bytes; não revisão manual integral
pedras2/Rock4_4.png,2021,c24969aeb938dc248a60c5af89f7fd96dc8d4a2693d44bee45727e16707e62e5,binário,,leitura automatizada de bytes; não revisão manual integral
pedras2/Rock4_4_no_shadow.png,2184,e78e7557f710f3a375cccf10360007eeafdca8923c1278b8dfbf6734cd5decd2,binário,,leitura automatizada de bytes; não revisão manual integral
pedras2/Rock4_5.png,1760,aac47e973a499050b61dcb478d80a108bb61695462d70ca759c8a85400452ccc,binário,,leitura automatizada de bytes; não revisão manual integral
pedras2/Rock4_5_no_shadow.png,1934,cfe8e5392f719ce73b2ef56777eb6ceea9de8769ad421a41682433d60cf0d5ae,binário,,leitura automatizada de bytes; não revisão manual integral
pedras2/Rock4_grass_shadow1.png,3755,1811abc999b0a61adfcd6a97b9659c8ba5366dd0e00fc2fcb0f5d572794212d1,binário,,leitura automatizada de bytes; não revisão manual integral
pedras2/Rock4_grass_shadow2.png,3546,ad27c67c13deda17ca75cb562f45a0fab4442acfc7136319b291b0c96c25a074,binário,,leitura automatizada de bytes; não revisão manual integral
pedras2/Rock4_grass_shadow3.png,2458,a1c8343b6d19af4b95c33612939bbb7940faa79a42b4382cf4ffbbd2b3afd74b,binário,,leitura automatizada de bytes; não revisão manual integral
pedras2/Rock4_grass_shadow4.png,2113,8a206436dee5507b332eb322dd1a1ab54be366ad9f4c8e7ee0860f0aa98954a4,binário,,leitura automatizada de bytes; não revisão manual integral
pedras2/Rock4_grass_shadow5.png,1787,19ed068fd11be91e59a098700392e8dbadfba6fd3e253eb29293d65960a5c12f,binário,,leitura automatizada de bytes; não revisão manual integral
pedras2/Rock4_grass_shadow_dark1.png,2432,a13c81b6c1e406cdf62bd846838f9ffc5abf3795619bd94affa5f9f5b4c85682,binário,,leitura automatizada de bytes; não revisão manual integral
pedras2/Rock4_grass_shadow_dark2.png,1827,defadc00f51cbe2b0b406c59540400409aac42210cf933e83af80c575eee4662,binário,,leitura automatizada de bytes; não revisão manual integral
pedras2/Rock4_grass_shadow_dark3.png,1152,d0828e6e225e43ccc7f08f8f18f502cad2407e0b1ff50a42e5c46df070307e6f,binário,,leitura automatizada de bytes; não revisão manual integral
pedras2/Rock4_grass_shadow_dark4.png,773,3e5b33ee6db72808ac898d0cca1086c0f948203edd680cbc0a35c01d67768879,binário,,leitura automatizada de bytes; não revisão manual integral
pedras2/Rock4_grass_shadow_dark5.png,477,cf2952c29be2406bae3ba009e5141401f12f871c7c64d8fad2a43359cff5e785,binário,,leitura automatizada de bytes; não revisão manual integral
playtest/LEIA-ME.md,529,87a0ad9f02b7c09b794c026f451e23519fdc9796738185285a979e2da1582b02,texto UTF-8,13,leitura automatizada de bytes; não revisão manual integral
playtest/aba-teste.png,82137,7eb2a23ae6f259bff6e9dcea368d4b74c7757eeac9f7bf443465aa82fe367302,binário,,leitura automatizada de bytes; não revisão manual integral
sw.js,16284,0368b58ff3b62d4c7caabb4359d51380c4f4b813e728c7cd6c9239743a045a16,texto UTF-8,315,leitura automatizada de bytes; não revisão manual integral
tools/build-android.sh,2352,1b73a4aff8017ecd8a01073b05a482937253e489bae9568a364721dbcfb0d0bb,texto UTF-8,71,leitura automatizada de bytes; não revisão manual integral
tools/ci/testes.yml,2695,60f04cc059d81054a2c864bc0716c0afd8bffe6911c229bca55466cde202f67d,texto UTF-8,67,leitura automatizada de bytes; não revisão manual integral
tools/configure-github-android-secrets.sh,984,9903f777711ba530acc51584fdced1cb853f9605dcd3d1c0c336ca60a0986141,texto UTF-8,20,leitura automatizada de bytes; não revisão manual integral
tools/create-android-signing-key.sh,1381,42371acce2f449f94e0f8fdaa73b564744e7beae6943bc9a1a97be79a22efe34,texto UTF-8,36,leitura automatizada de bytes; não revisão manual integral
tools/export-android-public-cert.sh,816,9b8bda8e8438e0d52abfe478b82b1af7d81c1fcd995859ca8b58b3efd20aaca6,texto UTF-8,24,leitura automatizada de bytes; não revisão manual integral
tools/fix_noite_branca.py,30313,a69a202773b89122df6f4c048ce8a4b9267333a0ca84d37467383faefb236d1f,texto UTF-8,609,leitura automatizada de bytes; não revisão manual integral
tools/fix_title_parallax.py,19744,991cd37018842c44d19793fe6595e9b2765cd3484294e36c1a6469ced77189dc,texto UTF-8,458,leitura automatizada de bytes; não revisão manual integral
tools/make_assets_list.mjs,5756,78df1f98809ba129419ed1ffeffac5d13e027a4af628fd08ef99b02c62dc9ca9,texto UTF-8,141,leitura automatizada de bytes; não revisão manual integral
tools/make_lore_hud.py,16954,0dd5a3c67a2a8afe58ccb0d90a8b2515a51c5d35d6544c9e8d344d9062e2e3de,texto UTF-8,328,leitura automatizada de bytes; não revisão manual integral
tools/make_nest.py,13262,ce775c46cf14c327afcefc55e294833f93a7d9a30733ba1756e11ba5a63d0bac,texto UTF-8,307,leitura automatizada de bytes; não revisão manual integral
tools/make_pwa_icons.sh,2733,e4ef602fbd78e1631d95bbab1e316f2951c77c052c843272a993fdc7c657541d,texto UTF-8,57,leitura automatizada de bytes; não revisão manual integral
tools/playtest.mjs,12716,a93f430ec2991893e7b1bbf7a4612a0e15fa54cf93122717144266a4de84e267,texto UTF-8,255,leitura automatizada de bytes; não revisão manual integral
tools/prepare_assets.sh,12262,883ea0ee8a55d5322413dbf2ad2c9e2c3134648cf3f7dd1eaea9293acd1b3f27,texto UTF-8,243,leitura automatizada de bytes; não revisão manual integral
tools/prepare_fruit_art.py,11364,e3f64b0494d51a8e617cda68d8a92e0432d1b71d89a560abadcd6acb0d55b819,texto UTF-8,269,leitura automatizada de bytes; não revisão manual integral
tools/prepare_tree_art.py,1614,6520115e15fcc3ebafa526efce9eac927cc30b5b4a9e12911e598066eab784a2,texto UTF-8,38,leitura automatizada de bytes; não revisão manual integral
tools/repair_fruit_sprites.py,9385,43e231df5fc77cd45374c1ddd68e75f8a0674678e8d732705d9246211a94b561,texto UTF-8,258,leitura automatizada de bytes; não revisão manual integral
tools/setup-dev.sh,4188,e7a56a6b305239b20749d554b5fdf0c21ed802230753f9b49d01aa89bdaf978d,texto UTF-8,82,leitura automatizada de bytes; não revisão manual integral
tools/sync-native-assets.mjs,2437,22aa6d7e83bd1516c95200b371cbce1eccd29846f2309516df01b98e7b14b313,texto UTF-8,67,leitura automatizada de bytes; não revisão manual integral
